date,contest_number,word,number_of_reported_results,number_in_hard_mode,1_try,2_tries,3_tries,4_tries,5_tries,6_tries,7_or_more_tries_x,sum,unique_letters,has_repeats,num_multiple_letters,num_rare_letters,num_vowels,starts_with_vowel,ends_with_vowel,num_consonants,contains_y,has_double_letter,max_consecutive_vowels,max_consecutive_consonants,scrabble_score,letter_entropy,position_rarity,keyboard_distance,hamming_neighbors,has_common_suffix,has_common_prefix,letter_freq_mean,letter_freq_min,positional_freq_mean,positional_freq_min,word_freq,pos_tag,is_noun,is_verb,is_adj
2022-12-31,560,manly,20380,1899,0,2,17,37,29,12,2,99,5,0,0,1,1,0,0,4,1,0,1,3,10,2.321928094887362,12.66454525288376,4.376584341056941,0,1,0,0.05292479108635097,0.03064066852367688,0.09136490250696379,0.05571030640668524,3.66,ADV,0,0,0
2022-12-30,559,molar,21204,1973,0,4,21,38,26,9,1,99,5,0,0,0,2,0,0,3,0,0,1,1,7,2.321928094887362,17.34317851871932,3.747676196228642,1,0,0,0.0660724233983287,0.03064066852367688,0.08133704735376043,0.02506963788300836,2.99,NOUN,1,0,0
2022-12-29,558,havoc,20001,1919,0,2,16,38,30,12,2,100,5,0,0,1,2,0,0,3,0,0,1,1,13,2.321928094887362,35.58163547237077,4.967999446909911,0,0,0,0.05103064066852368,0.01392757660167131,0.04958217270194987,0.01392757660167131,3.5,NOUN,1,0,0
2022-12-28,557,impel,20160,1937,0,3,21,40,25,9,1,99,5,0,0,0,2,1,0,3,0,0,1,2,9,2.321928094887362,28.93667220376523,4.7310954458155,0,0,0,0.05760445682451253,0.03064066852367688,0.05403899721448467,0.01671309192200557,2.36,NOUN,1,0,0
2022-12-27,556,condo,20879,2012,0,2,17,35,29,14,3,100,4,1,1,0,2,0,1,3,0,0,1,2,8,1.921928094887362,22.20761257071999,4.793786696566837,0,0,0,0.05337047353760446,0.03008356545961003,0.07019498607242339,0.02228412256267409,3.63,NOUN,1,0,0
2022-12-26,555,judge,20011,2043,0,2,8,16,26,33,14,99,5,0,0,1,2,0,1,3,0,0,1,2,14,2.321928094887362,51.57792438893365,2.339793400779363,0,0,0,0.03977715877437325,0.00222841225626741,0.06685236768802229,0.005571030640668524,4.95,NOUN,1,0,0
2022-12-25,554,extra,15554,1562,1,5,20,35,28,10,1,100,5,0,0,1,2,1,1,3,0,0,1,3,12,2.321928094887362,37.51671676982021,2.50097422828304,0,0,0,0.06841225626740947,0.003899721448467966,0.03676880222841226,0.01392757660167131,4.98,ADJ,0,0,1
2022-12-24,553,poise,20281,1911,2,11,34,32,15,6,1,101,5,0,0,0,3,0,1,2,0,0,2,1,7,2.321928094887362,10.40859845697985,2.374244023167829,0,0,0,0.06362116991643454,0.03565459610027855,0.1186629526462396,0.06128133704735376,3.04,NOUN,1,0,0
2022-12-23,552,aorta,21937,2112,0,7,26,35,20,10,3,101,4,1,1,0,3,1,1,2,0,0,2,2,5,1.921928094887362,18.19916588857765,4.546340843479053,0,0,0,0.07966573816155989,0.07242339832869081,0.07520891364902507,0.02506963788300836,2.92,NOUN,1,0,0
2022-12-22,551,excel,20490,2034,0,1,13,34,34,15,2,99,4,1,1,1,2,1,0,3,0,0,1,2,14,1.921928094887362,34.17921188630491,2.829707626949502,0,0,0,0.06217270194986072,0.003899721448467966,0.05069637883008356,0.01392757660167131,3.73,NOUN,1,0,0
2022-12-21,550,lunar,22180,2036,0,5,32,40,17,4,0,98,5,0,0,0,2,0,0,3,0,0,1,1,5,2.321928094887362,17.23590306896305,3.183358282190186,0,0,0,0.06206128133704736,0.03565459610027855,0.06629526462395544,0.03621169916434541,3.77,NOUN,1,0,0
2022-12-20,549,third,24137,2261,1,10,47,32,9,2,0,101,5,0,0,0,1,0,0,4,0,0,1,2,9,2.321928094887362,12.26677115987461,2.266123775561495,0,0,0,0.05459610027855154,0.03008356545961003,0.08690807799442897,0.05571030640668524,5.32,ADJ,0,0,1
2022-12-19,548,slate,26010,2422,6,14,33,27,13,5,1,99,5,0,0,0,2,0,1,3,0,0,1,2,5,2.321928094887362,8.429955291734053,5.280776406404415,0,0,0,0.07498607242339833,0.04902506963788301,0.1314763231197771,0.07520891364902507,3.82,NOUN,1,0,0
2022-12-18,547,taper,22166,2108,0,8,28,30,20,11,3,100,5,0,0,0,2,0,0,3,0,0,1,1,7,2.321928094887362,12.73893410852713,5.29462269093877,0,1,0,0.07476323119777159,0.03565459610027855,0.09470752089136489,0.03899721448467967,3.3,NOUN,1,0,0
2022-12-17,546,chord,22336,2088,0,7,39,38,13,3,0,100,5,0,0,0,1,0,0,4,0,0,1,2,11,2.321928094887362,11.85337722048067,3.184692220677464,0,0,0,0.05147632311977716,0.03008356545961003,0.09192200557103064,0.05571030640668524,3.65,NOUN,1,0,0
2022-12-16,545,probe,22853,2160,0,6,24,32,24,11,3,100,5,0,0,0,2,0,1,3,0,0,1,2,9,2.321928094887362,43.38184131481094,4.575140769936443,0,0,0,0.06083565459610028,0.01727019498607242,0.1030640668523677,0.005571030640668524,3.99,NOUN,1,0,0
2022-12-15,544,rival,22176,2127,0,7,27,35,22,8,1,100,5,0,0,1,2,0,0,3,0,0,1,1,8,2.321928094887362,22.92761175243643,4.908603403791989,0,0,0,0.0592757660167131,0.01392757660167131,0.05515320334261838,0.02228412256267409,4.18,NOUN,1,0,0
2022-12-14,543,usual,20824,2048,0,3,20,39,27,10,1,100,4,1,1,0,3,1,0,2,0,0,2,1,5,1.921928094887362,34.79708141321045,6.070200389370947,0,0,0,0.05426183844011142,0.03565459610027855,0.05292479108635097,0.01114206128133705,4.62,ADJ,0,0,1
2022-12-13,542,spoke,24101,2224,0,6,31,38,19,5,0,99,5,0,0,1,2,0,1,3,0,0,1,2,11,2.321928094887362,16.88195023563598,3.893872706066107,0,0,0,0.05615598885793872,0.01949860724233983,0.1091922005571031,0.03064066852367688,4.61,NOUN,1,0,0
2022-12-12,541,apply,22873,2150,0,5,28,38,22,7,1,101,4,1,1,1,1,1,0,4,1,1,1,4,12,1.921928094887362,18.67710265924551,3.407969090169723,1,1,0,0.05125348189415041,0.033983286908078,0.07019498607242339,0.03064066852367688,4.81,VERB,0,1,0
2022-12-11,540,naive,21947,2075,1,7,24,32,24,11,1,100,5,0,0,1,3,0,1,2,0,0,2,1,8,2.321928094887362,23.2578798256538,4.719572814489408,0,0,0,0.06217270194986072,0.01392757660167131,0.1008356545961003,0.01671309192200557,3.75,ADJ,0,0,1
2022-12-10,539,knock,21157,2041,0,3,18,43,27,8,1,100,4,1,1,2,1,0,0,4,0,0,1,2,15,1.921928094887362,37.85931011351909,4.316298521723331,0,0,0,0.04033426183844012,0.01949860724233983,0.0584958217270195,0.008356545961002786,4.35,NOUN,1,0,0
2022-12-09,538,braid,23640,2165,0,10,36,35,14,3,0,98,5,0,0,0,2,0,0,3,0,0,2,2,8,2.321928094887362,13.91204711283579,4.392108240781607,0,0,0,0.05348189415041783,0.01727019498607242,0.07966573816155989,0.05571030640668524,3.24,NOUN,1,0,0
2022-12-08,537,infer,21199,1863,0,3,19,33,26,14,3,98,5,0,0,1,2,1,0,3,0,0,1,2,8,2.321928094887362,33.07472542505374,1.869677166154769,1,1,0,0.06027855153203343,0.01838440111420613,0.0607242339832869,0.01114206128133705,3.16,NOUN,1,0,0
2022-12-07,536,joust,24899,2388,0,6,29,34,21,8,2,100,5,0,0,1,2,0,0,3,0,0,2,2,12,2.321928094887362,44.69663478039438,3.124341287815239,0,0,0,0.04668523676880223,0.00222841225626741,0.083008356545961,0.005571030640668524,2.47,NOUN,1,0,0
2022-12-06,535,amber,23509,2261,0,6,22,33,24,12,3,100,5,0,0,0,2,1,0,3,0,0,1,2,9,2.321928094887362,27.22714839424142,2.977797413761102,0,1,0,0.06272980501392758,0.01727019498607242,0.06685236768802227,0.01671309192200557,3.97,NOUN,1,0,0
2022-12-05,534,woken,23153,2200,0,2,10,25,36,23,4,100,5,0,0,2,2,0,0,3,0,0,1,1,12,2.321928094887362,32.0423833063881,4.279696087857467,1,1,0,0.05236768802228412,0.01671309192200557,0.06963788300835654,0.01114206128133705,3.37,NOUN,1,0,0
2022-12-04,533,adore,25577,2398,2,17,32,29,15,5,1,101,5,0,0,0,3,1,1,2,0,0,1,1,6,2.321928094887362,43.35970942708686,3.520690632574555,0,0,0,0.073983286908078,0.03008356545961003,0.1013927576601671,0.005571030640668524,3.7,NOUN,1,0,0
2022-12-03,532,torso,23873,2260,0,4,35,36,17,6,1,99,4,1,1,0,2,0,1,3,0,0,1,2,5,1.921928094887362,17.18208556149732,4.576783947341316,0,0,0,0.06885793871866296,0.04902506963788301,0.0746518105849582,0.03064066852367688,3.41,NOUN,1,0,0
2022-12-02,531,chafe,24646,2343,0,6,30,33,19,9,2,99,5,0,0,1,2,0,1,3,0,0,1,2,13,2.321928094887362,24.95484423721123,3.144122805635369,0,0,0,0.05760445682451254,0.01838440111420613,0.1036211699164345,0.01114206128133705,2.4,NOUN,1,0,0
2022-12-01,530,eject,22628,2200,0,2,11,35,36,14,2,100,4,1,1,1,2,1,0,3,0,0,1,2,14,1.921928094887362,86.71315026697177,3.268659593995378,0,0,0,0.06384401114206129,0.00222841225626741,0.05905292479108635,0.002785515320334262,2.99,NOUN,1,0,0
2022-11-30,529,study,22569,2405,0,6,30,33,19,10,2,100,5,0,0,1,1,0,0,4,1,0,1,2,9,2.321928094887362,19.54100640256102,3.111915236488605,0,0,0,0.04423398328690808,0.03008356545961003,0.08356545961002784,0.02228412256267409,5.26,NOUN,1,0,0
2022-11-29,528,undue,23739,2316,0,3,19,35,29,13,2,101,4,1,1,0,3,1,1,2,0,0,2,2,6,1.921928094887362,27.34542438893366,3.380362815821457,0,0,1,0.05058495821727019,0.03008356545961003,0.06685236768802229,0.02228412256267409,3.29,ADJ,0,0,1
2022-11-28,527,tepid,26051,2484,0,10,38,35,13,3,0,99,5,0,0,0,2,0,0,3,0,0,1,1,8,2.321928094887362,16.79792960662526,4.024754878398197,0,0,0,0.05949860724233984,0.03008356545961003,0.06406685236768803,0.03899721448467967,2.71,NOUN,1,0,0
2022-11-27,526,happy,25206,2356,0,6,28,39,19,6,1,99,4,1,1,1,1,0,0,4,1,1,1,3,15,1.921928094887362,23.59198361162647,4.513846284534354,0,0,0,0.04657381615598886,0.033983286908078,0.0724233983286908,0.02228412256267409,5.35,ADJ,0,0,1
2022-11-26,525,clean,26381,2424,1,17,36,31,12,3,0,100,5,0,0,0,2,0,0,3,0,0,2,2,7,2.321928094887362,13.08224375087278,4.875153137922253,1,0,0,0.06841225626740947,0.03955431754874652,0.08467966573816157,0.04456824512534819,4.97,NOUN,1,0,0
2022-11-25,524,itchy,24197,2329,0,8,28,40,18,5,1,100,5,0,0,1,1,1,0,4,1,0,1,4,13,2.321928094887362,39.70165532879819,2.497676196228642,0,0,0,0.04835654596100279,0.033983286908078,0.0479108635097493,0.01114206128133705,3.34,NOUN,1,0,0
2022-11-24,523,feast,27705,2725,5,13,25,27,19,10,2,101,5,0,0,1,2,0,0,3,0,0,2,2,8,2.321928094887362,12.3221954486363,1.953139800010316,0,0,0,0.06618384401114207,0.01838440111420613,0.08969359331476323,0.06128133704735376,3.95,NOUN,1,0,0
2022-11-23,522,drive,26663,2451,1,12,32,30,18,6,1,100,5,0,0,1,2,0,1,3,0,0,1,2,9,2.321928094887362,17.71925369952767,3.030604373718116,0,0,0,0.05559888579387186,0.01392757660167131,0.09805013927576603,0.02785515320334262,5.13,NOUN,1,0,0
2022-11-22,521,prime,27437,2534,1,10,26,32,21,9,1,100,5,0,0,0,2,0,1,3,0,0,1,2,9,2.321928094887362,12.46432616329579,4.177050983124842,2,0,0,0.06005571030640668,0.03064066852367688,0.1069637883008357,0.04178272980501393,4.81,NOUN,1,0,0
2022-11-21,520,axiom,24288,2382,0,5,19,33,27,13,3,100,5,0,0,1,3,1,0,2,0,0,2,1,14,2.321928094887362,33.03677616501146,2.891799001864011,0,0,0,0.05080779944289694,0.003899721448467966,0.05626740947075208,0.01392757660167131,3.02,NOUN,1,0,0
2022-11-20,519,brave,24991,2396,1,6,17,27,27,18,5,101,5,0,0,1,2,0,1,3,0,0,1,2,10,2.321928094887362,15.36386962623662,2.699172818834085,0,0,0,0.05938718662952647,0.01392757660167131,0.101949860724234,0.02785515320334262,4.33,NOUN,1,0,0
2022-11-19,518,avert,24749,2400,0,7,26,35,22,9,1,100,5,0,0,1,2,1,0,3,0,0,1,2,8,2.321928094887362,80.79435068180194,1.849586409417042,0,0,0,0.07041782729805014,0.01392757660167131,0.07465181058495822,0.002785515320334262,3.14,NOUN,1,0,0
2022-11-18,517,glyph,29208,2899,0,2,23,49,20,5,1,100,5,0,0,1,0,0,0,5,1,0,0,5,14,2.321928094887362,27.47305322128851,3.82134582144651,0,0,0,0.03988857938718663,0.02841225626740947,0.05292479108635097,0.02228412256267409,2.7,NOUN,1,0,0
2022-11-17,516,there,27465,2530,0,14,35,33,14,4,0,100,4,1,1,0,2,0,1,3,0,0,1,2,8,1.921928094887362,10.42184795522538,1.644122805635369,1,0,0,0.07821727019498607,0.03899721448467967,0.1086350974930362,0.0807799442896936,6.31,ADV,0,0,0
2022-11-16,515,baker,25576,2541,0,5,16,23,24,22,10,100,5,0,0,1,2,0,0,3,0,0,1,1,11,2.321928094887362,26.75702934662237,4.305531284802612,0,1,0,0.06050139275766016,0.01727019498607242,0.08356545961002786,0.01114206128133705,4.23,NOUN,1,0,0
2022-11-15,514,snarl,27475,2650,0,5,21,31,24,15,4,100,5,0,0,0,1,0,0,4,0,0,1,2,5,2.321928094887362,12.76866872651226,4.370855578242902,0,0,0,0.06473537604456825,0.04902506963788301,0.09136490250696379,0.04735376044568245,2.62,NOUN,1,0,0
2022-11-14,513,maple,26536,2467,1,6,26,36,21,8,1,99,5,0,0,0,2,0,1,3,0,0,1,2,9,2.321928094887362,14.18963307240704,5.658780940276738,0,0,0,0.06395543175487464,0.03064066852367688,0.09972144846796657,0.03899721448467967,3.86,NOUN,1,0,0
2022-11-13,512,inane,25085,2515,0,8,25,30,21,13,3,100,4,1,1,0,3,1,1,2,0,0,1,1,5,1.921928094887362,16.81839695899925,4.158004356848937,0,0,0,0.06919220055710305,0.04902506963788301,0.09415041782729805,0.02785515320334262,2.7,NOUN,1,0,0
2022-11-12,511,valet,24660,2356,0,4,22,38,25,9,1,99,5,0,0,1,2,0,0,3,0,0,1,1,8,2.321928094887362,24.67091478485563,4.81126004761665,0,0,0,0.06796657381615599,0.01392757660167131,0.08467966573816156,0.01671309192200557,3.17,NOUN,1,0,0
2022-11-11,510,medal,25993,2438,0,5,25,38,23,8,1,100,5,0,0,0,2,0,0,3,0,0,1,1,8,2.321928094887362,17.44541474654378,3.868033988749895,1,0,0,0.06284122562674095,0.03008356545961003,0.06406685236768803,0.03342618384401114,4.39,NOUN,1,0,0
2022-11-10,509,unite,27467,2575,1,11,31,33,18,5,1,100,5,0,0,0,3,1,1,2,0,0,1,1,5,2.321928094887362,18.47316849667776,2.516123775561495,0,0,1,0.06328690807799443,0.03565459610027855,0.09415041782729805,0.02228412256267409,3.9,ADJ,0,0,1
2022-11-09,508,rainy,28984,2678,1,16,38,31,11,3,1,101,5,0,0,1,2,0,0,3,1,0,2,2,8,2.321928094887362,12.87757302221588,3.765443149195011,0,0,0,0.06061281337047354,0.033983286908078,0.1002785515320334,0.03621169916434541,3.74,NOUN,1,0,0
2022-11-08,507,spell,27213,2531,0,4,24,37,24,9,1,99,4,1,1,0,1,0,0,4,0,1,1,2,7,1.921928094887362,16.3117825311943,5.286255069649192,1,0,0,0.06239554317548747,0.03565459610027855,0.07799442896935933,0.03064066852367688,4.37,NOUN,1,0,0
2022-11-07,506,begin,26096,2439,0,6,26,36,23,7,1,99,5,0,0,0,2,0,0,3,0,0,1,1,8,2.321928094887362,21.74130262249827,2.763799971790137,0,0,0,0.05080779944289694,0.01727019498607242,0.05348189415041783,0.02506963788300836,4.84,NOUN,1,0,0
2022-11-06,505,stale,31068,3013,2,19,30,27,15,6,2,101,5,0,0,0,2,0,1,3,0,0,1,2,5,2.321928094887362,12.18141031818908,5.342036454021065,0,0,0,0.07498607242339833,0.04902506963788301,0.1142061281337047,0.03899721448467967,3.43,NOUN,1,0,0
2022-11-05,504,dream,29743,2751,5,14,31,29,15,4,1,99,5,0,0,0,2,0,0,3,0,0,2,2,8,2.321928094887362,22.89047909660813,2.683261017542776,0,0,0,0.06529247910863509,0.03008356545961003,0.06518105849582173,0.01949860724233983,4.91,NOUN,1,0,0
2022-11-04,503,photo,27330,2565,0,5,34,43,15,3,0,100,4,1,1,0,2,0,1,3,0,0,1,2,10,1.921928094887362,15.92002869272434,3.82134582144651,0,0,0,0.05905292479108636,0.03565459610027855,0.08022284122562673,0.03064066852367688,4.97,NOUN,1,0,0
2022-11-03,502,aloud,29554,2819,1,18,31,30,15,4,1,100,5,0,0,0,3,1,0,2,0,0,2,1,6,2.321928094887362,16.47980952380953,3.780776406404415,0,0,0,0.05816155988857939,0.03008356545961003,0.08356545961002786,0.02785515320334262,3.51,NOUN,1,0,0
2022-11-02,501,inept,27670,2640,0,6,30,39,20,6,1,102,5,0,0,0,2,1,0,3,0,0,1,2,7,2.321928094887362,24.33273231031543,4.608494600052545,1,0,0,0.06328690807799443,0.03565459610027855,0.06183844011142061,0.02228412256267409,3.13,NOUN,1,0,0
2022-11-01,500,piney,27502,3667,0,1,14,37,33,14,2,101,5,0,0,1,2,0,0,3,1,0,1,1,10,2.321928094887362,12.50029095561379,2.858494600052545,0,0,0,0.05559888579387186,0.033983286908078,0.08969359331476323,0.06406685236768803,2.48,NOUN,1,0,0
2022-10-31,499,aptly,26498,2572,0,3,26,41,23,7,1,101,5,0,0,1,1,1,0,4,1,0,1,4,10,2.321928094887362,19.07160815375101,5.335192105980864,1,1,0,0.05860724233983287,0.033983286908078,0.06963788300835655,0.03064066852367688,3.12,ADV,0,0,0
2022-10-30,498,waltz,24672,2496,0,2,11,29,35,19,3,99,5,0,0,2,1,0,0,4,0,0,1,3,17,2.321928094887362,90.4601430976431,4.502363785747584,0,0,0,0.04857938718662953,0.002785515320334262,0.05348189415041783,0.002785515320334262,3.38,NOUN,1,0,0
2022-10-29,497,libel,25156,2536,0,3,15,32,32,16,2,100,4,1,1,0,2,0,0,3,0,0,1,1,7,1.921928094887362,22.28125016203884,3.482738623220373,1,0,0,0.06027855153203342,0.01727019498607242,0.06183844011142061,0.02228412256267409,3.34,NOUN,1,0,0
2022-10-28,496,sneak,27905,2636,0,7,28,36,21,7,1,100,5,0,0,1,2,0,0,3,0,0,2,2,9,2.321928094887362,14.82833491461101,4.24118121964536,0,0,0,0.06172701949860724,0.01949860724233983,0.0807799442896936,0.04456824512534819,3.99,NOUN,1,0,0
2022-10-27,495,carry,27609,2615,0,4,22,35,24,12,3,100,4,1,1,1,1,0,0,4,1,1,1,3,10,1.921928094887362,11.20275910050541,1.849586409417042,0,0,0,0.06228412256267411,0.033983286908078,0.09972144846796657,0.05571030640668524,4.89,NOUN,1,0,0
2022-10-26,494,flout,30063,2904,0,6,28,37,21,7,1,100,5,0,0,1,2,0,0,3,0,0,2,2,8,2.321928094887362,15.15002973837756,2.5,1,0,0,0.05259052924791087,0.01838440111420613,0.0947075208913649,0.02785515320334262,2.25,NOUN,1,0,0
2022-10-25,493,foggy,28953,2817,0,2,13,35,32,15,3,100,4,1,1,2,1,0,0,4,1,1,1,3,13,1.921928094887362,18.60206340111802,2.659084675395885,1,0,0,0.03665738161559889,0.01838440111420613,0.0818941504178273,0.02506963788300836,3.19,NOUN,1,0,0
2022-10-24,492,fault,28947,2768,0,7,27,35,22,8,1,100,5,0,0,1,2,0,0,3,0,0,2,2,8,2.321928094887362,11.87629164313947,3.860484033353917,0,0,0,0.05548746518105849,0.01838440111420613,0.0935933147632312,0.06128133704735376,4.64,NOUN,1,0,0
2022-10-23,491,mummy,29279,3021,0,1,4,14,27,37,18,101,3,1,1,1,1,0,0,4,1,1,1,3,14,1.370950594454669,24.32264505802321,1.559016994374947,0,0,0,0.03231197771587744,0.03064066852367688,0.06016713091922006,0.01949860724233983,3.57,NOUN,1,0,0
2022-10-22,490,spiel,29084,2810,0,7,32,36,19,6,1,101,5,0,0,0,2,0,0,3,0,0,2,2,7,2.321928094887362,14.22836815487294,5.286255069649192,1,0,0,0.06128133704735376,0.03565459610027855,0.09637883008356544,0.03064066852367688,2.66,NOUN,1,0,0
2022-10-21,489,grove,28637,2794,0,4,18,30,28,17,3,100,5,0,0,1,2,0,1,3,0,0,1,2,9,2.321928094887362,15.76363159614086,3.508861586751847,1,0,0,0.05871866295264624,0.01392757660167131,0.1041782729805014,0.02785515320334262,3.94,NOUN,1,0,0
2022-10-20,488,denim,28741,2769,0,5,29,40,20,5,0,99,5,0,0,0,2,0,0,3,0,0,1,1,8,2.321928094887362,25.04824016563147,2.417511594427492,0,0,0,0.05381615598885794,0.03008356545961003,0.05181058495821728,0.01949860724233983,3.52,NOUN,1,0,0
2022-10-19,487,quirk,28322,2794,0,3,23,39,24,9,2,100,5,0,0,2,2,0,0,3,0,0,2,2,18,2.321928094887362,36.75204299588174,3.780776406404415,0,0,0,0.03788300835654596,0.002785515320334262,0.0607242339832869,0.008356545961002786,3.13,NOUN,1,0,0
2022-10-18,486,exist,28612,2805,0,5,24,38,23,8,1,99,5,0,0,1,2,1,0,3,0,0,1,2,12,2.321928094887362,27.99632411067194,4.451415872075787,0,0,0,0.05693593314763231,0.003899721448467966,0.07075208913649025,0.01392757660167131,4.73,NOUN,1,0,0
2022-10-17,485,stein,31269,2965,1,12,34,32,16,5,1,101,5,0,0,0,2,0,0,3,0,0,2,2,5,2.321928094887362,16.53898702959445,3.247676196228642,0,0,0,0.06596100278551532,0.04902506963788301,0.07465181058495822,0.03899721448467967,3.65,NOUN,1,0,0
2022-10-16,484,spade,30459,2854,1,8,29,36,19,6,1,100,5,0,0,0,2,0,1,3,0,0,1,2,8,2.321928094887362,19.56344495022371,5.029410721608992,0,0,0,0.06116991643454039,0.03008356545961003,0.1036211699164346,0.02228412256267409,3.33,NOUN,1,0,0
2022-10-15,483,catch,30403,3123,0,7,18,20,15,16,23,99,4,1,1,0,1,0,0,4,0,0,1,3,12,1.921928094887362,16.56361520058888,3.087469597008005,1,0,0,0.05582172701949861,0.03899721448467967,0.07409470752089135,0.03621169916434541,4.87,NOUN,1,0,0
2022-10-14,482,floor,28906,2752,0,3,23,44,24,6,0,100,4,1,1,1,2,0,0,3,0,1,2,2,8,1.921928094887362,12.68411815635345,2.75,1,0,0,0.06072423398328691,0.01838440111420613,0.09247910863509749,0.04735376044568245,4.94,NOUN,1,0,0
2022-10-13,481,equal,27197,2677,0,5,23,35,25,11,2,101,5,0,0,1,3,1,0,2,0,0,2,1,14,2.321928094887362,50.95208141321045,5.520690632574555,0,0,0,0.05838440111420613,0.002785515320334262,0.05292479108635097,0.005571030640668524,4.65,ADJ,0,0,1
2022-10-12,480,ionic,29151,2947,0,2,13,25,28,21,11,100,4,1,1,0,3,1,0,2,0,0,2,1,7,1.921928094887362,29.19132139812447,3.204785801836171,0,0,0,0.05526462395543175,0.03955431754874652,0.06239554317548747,0.01392757660167131,3.21,NOUN,1,0,0
2022-10-11,479,valid,28575,2752,0,4,28,38,21,8,1,100,5,0,0,1,2,0,0,3,0,0,1,1,9,2.321928094887362,28.15201690821256,4.418877684033565,0,0,0,0.05036211699164346,0.01392757660167131,0.05905292479108636,0.01671309192200557,4.38,ADJ,0,0,1
2022-10-10,478,enjoy,26878,2654,0,3,12,29,33,20,3,100,5,0,0,2,2,1,0,3,1,0,1,2,15,2.321928094887362,88.89236494597839,2.563958203834218,0,0,0,0.05236768802228412,0.00222841225626741,0.05236768802228412,0.002785515320334262,5.09,NOUN,1,0,0
2022-10-09,477,howdy,28408,2668,0,2,13,32,32,17,4,100,5,0,0,2,1,0,0,4,1,0,1,3,15,2.321928094887362,32.73542198697661,3.684692220677464,0,0,0,0.03877437325905293,0.01671309192200557,0.0690807799442897,0.01392757660167131,3.08,NOUN,1,0,0
2022-10-08,476,vigor,26905,2642,0,2,15,35,31,14,2,99,5,0,0,1,2,0,0,3,0,0,1,1,9,2.321928094887362,29.34114155807251,4.189379810196405,0,0,0,0.04958217270194987,0.01392757660167131,0.05013927576601671,0.01671309192200557,3.03,NOUN,1,0,0
2022-10-07,475,dandy,29026,2840,0,2,11,23,29,24,11,100,4,1,1,1,1,0,0,4,1,0,1,3,10,1.921928094887362,21.04121191955043,3.355893708482386,0,0,0,0.04635097493036212,0.03008356545961003,0.07799442896935933,0.02228412256267409,3.25,NOUN,1,0,0
2022-10-06,474,sloth,32522,2987,1,10,38,34,13,3,0,99,5,0,0,0,1,0,0,4,0,0,1,2,8,2.321928094887362,10.80262620603797,3.353553390593274,2,0,0,0.05938718662952647,0.03899721448467967,0.1058495821727019,0.05571030640668524,3.1,NOUN,1,0,0
2022-10-05,473,marsh,30935,2885,0,9,30,35,19,6,1,100,5,0,0,0,1,0,0,4,0,0,1,3,10,2.321928094887362,15.5294696969697,3.870277041991597,0,0,0,0.05637883008356546,0.03064066852367688,0.0724233983286908,0.05571030640668524,3.87,NOUN,1,0,0
2022-10-04,472,bough,32014,3060,0,3,17,35,28,13,3,99,5,0,0,0,2,0,0,3,0,0,2,2,11,2.321928094887362,15.63962885154062,2.427050983124842,0,0,0,0.0388857938718663,0.01727019498607242,0.07520891364902507,0.04456824512534819,2.73,NOUN,1,0,0
2022-10-03,471,sting,32288,2969,1,10,30,33,18,8,2,102,5,0,0,0,1,0,0,4,0,0,1,2,6,2.321928094887362,21.18691406632583,2.601229586821916,0,0,0,0.05114206128133705,0.02841225626740947,0.07910863509749302,0.01949860724233983,3.8,VERB,0,1,0
2022-10-02,470,twine,30088,2775,0,6,28,40,20,5,1,100,5,0,0,1,2,0,1,3,0,0,1,2,8,2.321928094887362,19.73691828719226,3.858494600052545,1,0,0,0.05949860724233983,0.01671309192200557,0.09972144846796657,0.01671309192200557,2.93,NOUN,1,0,0
2022-10-01,469,leave,28202,2696,0,4,16,34,31,12,1,98,4,1,1,1,3,0,1,2,0,0,2,1,8,1.921928094887362,17.92069172305872,3.429294036366545,0,0,0,0.073983286908078,0.01392757660167131,0.09303621169916435,0.02785515320334262,5.34,VERB,0,1,0
2022-09-30,468,scorn,31223,2859,0,8,31,35,20,6,1,101,5,0,0,0,1,0,0,4,0,0,1,2,7,2.321928094887362,24.16720520622042,3.891799001864011,0,0,0,0.05727019498607242,0.03955431754874652,0.08412256267409471,0.01392757660167131,3.13,NOUN,1,0,0
2022-09-29,467,scald,30477,2829,0,4,23,36,24,11,2,100,5,0,0,0,1,0,0,4,0,0,1,2,8,2.321928094887362,24.01927724578204,4.412570384968221,0,0,0,0.05392757660167131,0.03008356545961003,0.07966573816155989,0.01392757660167131,2.17,NOUN,1,0,0
2022-09-28,466,usurp,31355,3007,0,3,21,38,26,9,1,98,4,1,1,0,2,1,0,3,0,0,1,2,7,1.921928094887362,40.94014778325123,4.799509756796392,0,0,0,0.04612813370473538,0.03565459610027855,0.04289693593314763,0.01114206128133705,2.7,NOUN,1,0,0
2022-09-27,465,soggy,30985,2888,0,2,18,38,28,11,2,99,4,1,1,1,1,0,0,4,1,1,1,3,10,1.921928094887362,16.74627017473656,3.152096749964058,1,0,0,0.04278551532033427,0.02841225626740947,0.09805013927576602,0.02506963788300836,3.14,NOUN,1,0,0
2022-09-26,464,brisk,31706,2884,0,5,23,38,24,7,1,98,5,0,0,1,1,0,0,4,0,0,1,2,11,2.321928094887362,14.91349508599509,4.579707626949502,1,0,0,0.04345403899721448,0.01727019498607242,0.07743732590529248,0.04456824512534819,3.2,NOUN,1,0,0
2022-09-25,463,admit,28994,2677,0,10,25,34,22,8,1,100,5,0,0,0,2,1,0,3,0,0,1,2,8,2.321928094887362,53.40403726708074,2.839793400779363,0,0,0,0.05571030640668524,0.03008356545961003,0.05905292479108635,0.005571030640668524,4.58,NOUN,1,0,0
2022-09-24,462,grate,32777,3077,1,14,29,28,16,8,3,99,5,0,0,0,2,0,1,3,0,0,1,2,6,2.321928094887362,11.47665829726059,2.674899212039784,0,0,0,0.07331476323119776,0.02841225626740947,0.1097493036211699,0.04735376044568245,3.17,NOUN,1,0,0
2022-09-23,461,glory,31509,2893,0,6,30,39,19,5,0,99,5,0,0,1,1,0,0,4,1,0,1,2,9,2.321928094887362,11.31022141270301,3.0,0,0,0,0.0547075208913649,0.02841225626740947,0.1041782729805014,0.04735376044568245,4.36,NOUN,1,0,0
2022-09-22,460,saint,34455,3119,1,14,35,29,15,5,1,100,5,0,0,0,2,0,0,3,0,0,2,2,5,2.321928094887362,8.857902679162269,3.283890728527864,0,0,0,0.06317548746518106,0.04902506963788301,0.1197771587743733,0.07242339832869081,4.41,NOUN,1,0,0
2022-09-21,459,recap,31976,2900,0,5,30,35,21,8,1,100,5,0,0,0,2,0,0,3,0,0,1,1,9,2.321928094887362,27.35626944739848,3.572863278909302,0,0,1,0.06818941504178273,0.03565459610027855,0.04958217270194986,0.02228412256267409,3.45,NOUN,1,0,0
2022-09-20,458,alike,31277,2843,0,6,20,33,27,12,2,100,5,0,0,1,3,1,1,2,0,0,1,1,9,2.321928094887362,13.41646207673605,3.87830826899147,0,0,0,0.06596100278551532,0.01949860724233983,0.1103064066852368,0.03064066852367688,4.13,ADV,0,0,0
2022-09-19,457,trice,35050,3430,0,5,24,25,18,17,11,100,5,0,0,0,2,0,1,3,0,0,1,2,7,2.321928094887362,10.72820106794873,3.096291201783626,2,0,0,0.06919220055710307,0.03955431754874652,0.113091922005571,0.05292479108635097,2.4,NOUN,1,0,0
2022-09-18,456,stick,33102,3038,1,9,36,35,14,4,0,99,5,0,0,1,1,0,0,4,0,0,1,2,11,2.321928094887362,16.43468011606556,4.161615495223916,0,0,0,0.04746518105849583,0.01949860724233983,0.08022284122562673,0.03899721448467967,4.76,NOUN,1,0,0
2022-09-17,455,chute,33418,3073,0,11,37,36,12,3,0,99,5,0,0,0,2,0,1,3,0,0,1,2,10,2.321928094887362,10.55862176889574,2.144122805635369,0,0,0,0.05782729805013927,0.03565459610027855,0.1080779944289694,0.07520891364902507,3.19,NOUN,1,0,0
2022-09-16,454,parer,37309,4130,0,0,4,11,15,22,48,100,4,1,1,0,2,0,0,3,0,0,1,1,7,1.921928094887362,11.92876847705715,3.554415699576449,0,1,0,0.07520891364902507,0.03565459610027855,0.09415041782729805,0.05571030640668524,1.55,NOUN,1,0,0
2022-09-15,453,doubt,33344,3011,1,12,32,34,16,4,0,99,5,0,0,0,2,0,0,3,0,0,2,2,8,2.321928094887362,47.41633175009135,3.227797413761102,0,0,0,0.04590529247910864,0.01727019498607242,0.07743732590529248,0.005571030640668524,4.9,NOUN,1,0,0
2022-09-14,452,thyme,32142,2938,1,5,24,41,23,5,0,99,5,0,0,1,1,0,1,4,1,0,1,4,13,2.321928094887362,19.31431921959319,2.280604373718116,2,0,0,0.05571030640668524,0.03064066852367688,0.08857938718662953,0.02228412256267409,3.07,NOUN,1,0,0
2022-09-13,451,alpha,29497,2706,0,3,19,40,28,9,1,100,4,1,1,0,2,1,1,3,0,0,1,3,10,1.921928094887362,35.33015873015873,4.634329796997689,0,0,0,0.06284122562674095,0.03565459610027855,0.05403899721448467,0.01114206128133705,4.25,NOUN,1,0,0
2022-09-12,450,booze,29147,2883,0,1,7,27,38,23,4,100,4,1,1,1,3,0,1,2,0,1,2,1,16,1.921928094887362,31.35073811442385,3.886693582745273,0,0,0,0.05415041782729805,0.002785515320334262,0.1097493036211699,0.008356545961002786,3.65,NOUN,1,0,0
2022-09-11,449,tibia,27887,2675,0,1,14,40,30,12,2,99,4,1,1,0,3,0,1,2,0,0,2,1,7,1.921928094887362,25.58958937198067,4.320542590698364,0,0,0,0.05838440111420613,0.01727019498607242,0.05181058495821726,0.02228412256267409,2.9,NOUN,1,0,0
2022-09-10,448,lofty,29237,2777,0,4,19,34,27,13,3,100,5,0,0,2,1,0,0,4,1,0,1,3,11,2.321928094887362,29.00548544204007,2.12830826899147,0,0,0,0.05225626740947076,0.01838440111420613,0.08022284122562674,0.01114206128133705,3.34,NOUN,1,0,0
2022-09-09,447,theme,32172,2909,0,8,29,40,18,4,0,99,4,1,1,0,2,0,1,3,0,0,1,2,10,1.921928094887362,12.73265255292653,3.380190783135158,2,0,0,0.06941504178272981,0.03064066852367688,0.1008356545961003,0.04178272980501393,4.62,NOUN,1,0,0
2022-09-08,446,class,31962,3001,0,4,21,32,22,13,7,99,4,1,1,0,1,0,0,4,0,1,1,2,7,1.921928094887362,32.75201852411154,3.770690632574555,1,0,0,0.0577158774373259,0.03955431754874652,0.07966573816155989,0.008356545961002786,5.36,NOUN,1,0,0
2022-09-07,445,leery,30992,2873,0,3,17,37,28,12,2,99,4,1,1,1,2,0,0,3,1,1,2,2,8,1.921928094887362,14.42186416211047,2.270690632574555,0,0,0,0.07520891364902507,0.033983286908078,0.083008356545961,0.03621169916434541,2.58,NOUN,1,0,0
2022-09-06,444,taunt,32734,3022,0,4,19,27,21,16,13,100,4,1,1,0,2,0,0,3,0,0,2,2,5,1.921928094887362,10.77586040770823,3.669501027728865,0,0,0,0.06362116991643454,0.03565459610027855,0.09916434540389972,0.07242339832869081,2.96,NOUN,1,0,0
2022-09-05,443,whoop,32733,2970,0,1,16,47,29,7,1,101,4,1,1,1,2,0,0,3,0,1,2,2,13,1.921928094887362,23.33755971479501,2.07134582144651,0,0,0,0.0479108635097493,0.01671309192200557,0.06629526462395544,0.02228412256267409,3.2,NOUN,1,0,0
2022-09-04,442,inter,32018,2889,0,6,25,36,23,8,1,99,5,0,0,0,2,1,0,3,0,0,1,2,5,2.321928094887362,20.64780234813066,2.016123775561495,1,1,0,0.07108635097493037,0.04902506963788301,0.06573816155988858,0.02785515320334262,4.16,NOUN,1,0,0
2022-09-03,441,gully,31191,2877,0,1,9,27,31,25,7,100,4,1,1,1,1,0,0,4,1,1,1,3,9,1.921928094887362,20.88180939042284,1.90860340379199,0,1,0,0.04456824512534819,0.02841225626740947,0.06462395543175488,0.02506963788300836,3.11,ADV,0,0,0
2022-09-02,440,charm,35724,3149,1,12,32,34,16,5,1,101,5,0,0,0,1,0,0,4,0,0,1,2,12,2.321928094887362,18.75428751948399,3.732526648950187,0,0,0,0.05448467966573815,0.03064066852367688,0.08077994428969358,0.01949860724233983,4.12,NOUN,1,0,0
2022-09-01,439,fungi,31903,2928,0,2,18,41,28,9,1,99,5,0,0,1,2,0,1,3,0,0,1,2,9,2.321928094887362,50.99640490583585,2.493709215052411,0,0,0,0.03766016713091922,0.01838440111420613,0.04456824512534819,0.005571030640668524,3.48,NOUN,1,0,0
2022-08-31,438,prize,35343,3166,0,5,12,20,32,26,5,100,5,0,0,1,2,0,1,3,0,0,1,2,16,2.321928094887362,31.61099282996245,5.027134253506677,1,0,0,0.05448467966573817,0.002785515320334262,0.1002785515320334,0.008356545961002786,4.59,NOUN,1,0,0
2022-08-30,437,onset,33660,3009,0,4,29,40,21,6,1,101,5,0,0,0,2,1,0,3,0,0,1,2,5,2.321928094887362,34.37916641884257,2.785717615863686,0,0,0,0.06941504178272981,0.04902506963788301,0.06573816155988858,0.01114206128133705,3.72,NOUN,1,0,0
2022-08-29,436,chief,34281,3072,1,6,32,38,18,5,0,100,5,0,0,1,2,0,0,3,0,0,2,2,13,2.321928094887362,31.58643410852713,2.953139800010316,0,0,0,0.05125348189415042,0.01838440111420613,0.08690807799442897,0.008356545961002786,5.11,NOUN,1,0,0
2022-08-28,435,gauze,30214,2866,0,2,11,24,31,25,8,101,5,0,0,1,3,0,1,2,0,0,2,1,15,2.321928094887362,33.2005434365527,4.808936243845293,0,0,0,0.05158774373259053,0.002785515320334262,0.09415041782729805,0.008356545961002786,2.89,NOUN,1,0,0
2022-08-27,434,ruder,31241,2784,0,2,16,33,29,16,4,100,4,1,1,0,2,0,0,3,0,0,1,1,6,1.921928094887362,19.451135681464,2.280776406404415,0,1,0,0.06350974930362117,0.03008356545961003,0.06685236768802229,0.03342618384401114,2.13,NOUN,1,0,0
2022-08-26,433,irony,34716,3046,0,6,29,34,21,8,1,99,5,0,0,1,2,1,0,3,1,0,1,2,8,2.321928094887362,14.78338512452798,3.651387818865997,0,0,0,0.05771587743732591,0.033983286908078,0.09582172701949862,0.02785515320334262,3.86,NOUN,1,0,0
2022-08-25,432,clown,36737,3175,1,8,29,36,20,6,1,101,5,0,0,1,1,0,0,4,0,0,1,2,10,2.321928094887362,24.16878138528138,4.63872462132445,1,0,0,0.04835654596100279,0.01671309192200557,0.08133704735376045,0.01392757660167131,3.93,NOUN,1,0,0
2022-08-24,431,needy,33700,2927,0,2,21,41,26,9,1,100,4,1,1,1,2,0,0,3,1,1,2,2,9,1.921928094887362,27.3645918367347,1.941957233908092,0,0,0,0.06362116991643454,0.03008356545961003,0.06740947075208914,0.01671309192200557,3.58,NOUN,1,0,0
2022-08-23,430,woven,33549,2933,0,2,13,32,32,17,3,99,5,0,0,2,2,0,0,3,0,0,1,1,11,2.321928094887362,23.0673833063881,4.556696015024571,1,1,0,0.05125348189415042,0.01392757660167131,0.07186629526462396,0.02228412256267409,3.56,ADV,0,0,0
2022-08-22,429,merit,35888,3123,0,7,33,37,17,5,0,99,5,0,0,0,2,0,0,3,0,0,1,1,7,2.321928094887362,14.42689440993789,3.118033988749895,0,0,0,0.06740947075208914,0.03064066852367688,0.07632311977715878,0.05571030640668524,4.08,NOUN,1,0,0
2022-08-21,428,waste,35617,3186,1,7,19,27,24,17,5,100,5,0,0,1,2,0,1,3,0,0,1,2,8,2.321928094887362,20.64092696370094,1.894122805635369,0,0,0,0.06584958217270195,0.01671309192200557,0.09303621169916436,0.02228412256267409,4.81,NOUN,1,0,0
2022-08-20,427,treat,38245,3249,1,22,32,26,14,5,1,101,4,1,1,0,2,0,0,3,0,0,2,2,5,1.921928094887362,10.60420580468266,2.089793400779363,0,0,0,0.08211699164345405,0.07242339832869081,0.09693593314763232,0.08356545961002786,4.75,NOUN,1,0,0
2022-08-19,426,shrug,33965,2987,0,4,23,36,26,10,1,100,5,0,0,0,1,0,0,4,0,0,1,3,9,2.321928094887362,24.61074357015534,2.868033988749895,0,0,0,0.04534818941504178,0.02841225626740947,0.06740947075208914,0.01949860724233983,3.3,NOUN,1,0,0
2022-08-18,425,twang,34938,3172,0,3,22,43,25,7,1,101,5,0,0,1,1,0,0,4,0,0,1,2,9,2.321928094887362,29.04844876054178,2.731861659584744,0,0,0,0.05103064066852368,0.01671309192200557,0.06239554317548747,0.01671309192200557,2.56,NOUN,1,0,0
2022-08-17,424,twice,35815,3173,1,6,28,38,21,6,1,101,5,0,0,1,2,0,1,3,0,0,1,2,10,2.321928094887362,20.75432719407485,4.096291201783626,2,0,0,0.05760445682451254,0.01671309192200557,0.0958217270194986,0.01671309192200557,4.84,ADV,0,0,0
2022-08-16,423,gruel,35105,3087,0,3,19,39,29,9,1,100,5,0,0,0,2,0,0,3,0,0,2,2,6,2.321928094887362,13.38978977511809,3.624244023167829,0,0,0,0.0607242339832869,0.02841225626740947,0.08300835654596099,0.04735376044568245,2.44,NOUN,1,0,0
2022-08-15,422,poker,35376,3180,0,4,17,30,27,17,5,100,5,0,0,1,2,0,0,3,0,0,1,1,11,2.321928094887362,26.20077828097872,2.12830826899147,1,1,0,0.06128133704735376,0.01949860724233983,0.08690807799442897,0.01114206128133705,3.97,NOUN,1,0,0
2022-08-14,421,khaki,31652,2968,0,2,17,33,28,16,4,100,4,1,1,2,2,0,1,3,0,0,1,2,16,1.921928094887362,70.2061310782241,3.75,0,0,0,0.04467966573816156,0.01949860724233983,0.05125348189415042,0.005571030640668524,3.04,NOUN,1,0,0
2022-08-13,420,hunky,35276,3185,0,1,11,33,25,22,7,99,5,0,0,2,1,0,0,4,1,0,1,3,15,2.321928094887362,21.86512011919393,2.030604373718116,0,0,0,0.03543175487465182,0.01949860724233983,0.06183844011142061,0.03064066852367688,2.72,NOUN,1,0,0
2022-08-12,419,label,34198,3076,0,4,18,32,29,15,2,100,4,1,1,0,2,0,0,3,0,0,1,1,7,1.921928094887362,20.65534436493738,5.258573820165518,1,0,0,0.06662952646239553,0.01727019498607242,0.07576601671309192,0.02228412256267409,4.43,NOUN,1,0,0
2022-08-11,418,glean,37301,3243,0,6,23,37,24,8,1,99,5,0,0,0,2,0,0,3,0,0,2,2,6,2.321928094887362,15.13001558687991,4.354462505347698,1,0,0,0.06618384401114205,0.02841225626740947,0.07576601671309191,0.04456824512534819,2.73,NOUN,1,0,0
2022-08-10,417,cling,37654,3312,0,4,20,34,27,13,2,100,5,0,0,0,1,0,0,4,0,0,1,2,8,2.321928094887362,18.53578088578088,2.93490419494765,0,0,0,0.04724233983286908,0.02841225626740947,0.08467966573816156,0.01949860724233983,3.49,VERB,0,1,0
2022-08-09,416,patty,36223,3019,0,2,16,39,29,12,1,99,4,1,1,1,1,0,0,4,1,1,1,3,10,1.921928094887362,14.26521476855328,3.54462269093877,0,0,0,0.06061281337047354,0.033983286908078,0.08913649025069638,0.03621169916434541,3.58,NOUN,1,0,0
2022-08-08,415,unfit,35516,3187,0,3,24,38,25,9,1,100,5,0,0,1,2,1,0,3,0,0,1,2,8,2.321928094887362,35.83113810741688,2.89881039515431,0,0,1,0.04646239554317548,0.01838440111420613,0.05459610027855153,0.01114206128133705,3.52,NOUN,1,0,0
2022-08-07,414,smear,36223,3190,0,2,16,39,29,12,2,100,5,0,0,0,2,0,0,3,0,0,2,2,7,2.321928094887362,20.13540074094154,3.742375276565133,0,0,0,0.06908077994428971,0.03064066852367688,0.08523676880222841,0.01671309192200557,3.46,NOUN,1,0,0
2022-08-06,413,alien,38841,3395,3,17,31,29,15,4,0,99,5,0,0,0,3,1,0,2,0,0,2,1,5,2.321928094887362,12.06289514748817,4.504941209459271,0,1,0,0.07186629526462394,0.04902506963788301,0.09637883008356544,0.04456824512534819,4.29,NOUN,1,0,0
2022-08-05,412,buggy,37350,3428,0,1,9,29,34,22,5,100,4,1,1,1,1,0,0,4,1,1,1,3,12,1.921928094887362,21.74411331199146,1.619677166154769,0,0,0,0.02874651810584958,0.01727019498607242,0.06183844011142061,0.02506963788300836,3.32,NOUN,1,0,0
2022-08-04,411,rhyme,37229,3336,0,4,22,39,25,8,1,99,5,0,0,1,1,0,1,4,1,0,1,4,13,2.321928094887362,22.44406280933678,2.48606797749979,1,0,0,0.05615598885793872,0.03064066852367688,0.07910863509749304,0.02228412256267409,3.56,NOUN,1,0,0
2022-08-03,410,youth,38381,3327,1,5,17,31,29,15,3,101,5,0,0,1,2,0,0,3,1,0,2,2,11,2.321928094887362,46.12138811079988,2.103553390593274,0,0,0,0.05103064066852368,0.033983286908078,0.0713091922005571,0.005571030640668524,4.75,NOUN,1,0,0
2022-08-02,409,coyly,34909,3380,0,0,4,17,28,35,15,99,4,1,1,2,1,0,0,4,1,0,1,3,13,1.921928094887362,17.01557350212812,3.91227766016838,0,1,0,0.04880222841225627,0.033983286908078,0.09192200557103064,0.02228412256267409,2.08,NOUN,1,0,0
2022-08-01,408,quart,36662,3303,0,5,20,33,27,13,2,100,5,0,0,1,2,0,0,3,0,0,2,2,14,2.321928094887362,33.86336182114142,4.061260047616649,0,0,0,0.05481894150417828,0.002785515320334262,0.07688022284122563,0.008356545961002786,3.01,NOUN,1,0,0
2022-07-31,407,cramp,39250,3369,1,8,26,33,19,10,2,99,5,0,0,0,1,0,0,4,0,0,1,2,11,2.321928094887362,19.54773222482525,3.771664860857595,1,0,0,0.05381615598885794,0.03064066852367688,0.07576601671309192,0.02228412256267409,3.04,NOUN,1,0,0
2022-07-30,406,bluff,37353,3171,0,2,14,42,31,10,1,100,4,1,1,2,1,0,0,4,0,1,1,2,13,1.921928094887362,49.74714285714285,2.380362815821457,1,0,0,0.03041782729805014,0.01727019498607242,0.05403899721448467,0.008356545961002786,3.58,NOUN,1,0,0
2022-07-29,405,upset,37791,3213,0,5,30,38,20,6,1,100,5,0,0,0,2,1,0,3,0,0,1,2,7,2.321928094887362,27.70790973435059,3.619117827667911,0,0,0,0.05905292479108636,0.03565459610027855,0.06462395543175488,0.02228412256267409,4.61,NOUN,1,0,0
2022-07-28,404,stomp,40650,3490,0,7,26,32,21,11,2,99,5,0,0,0,1,0,0,4,0,0,1,2,9,2.321928094887362,21.734081232493,3.39906401509464,0,0,0,0.05236768802228413,0.03064066852367688,0.07688022284122562,0.02228412256267409,3.25,NOUN,1,0,0
2022-07-27,403,motto,38384,3285,0,1,11,36,36,14,1,99,3,1,2,0,2,0,1,3,0,1,1,2,7,1.521928094887362,19.70745204686381,2.707106781186547,0,0,0,0.06473537604456825,0.03064066852367688,0.06796657381615598,0.03064066852367688,3.72,NOUN,1,0,0
2022-07-26,402,cinch,39171,3507,0,2,15,24,22,25,13,101,4,1,1,0,1,0,0,4,0,0,1,3,12,1.921928094887362,15.78818320504819,3.593967398012269,0,0,0,0.04479108635097493,0.03899721448467967,0.06573816155988857,0.05292479108635097,2.65,NOUN,1,0,0
2022-07-25,401,elope,39228,3339,0,4,22,32,26,13,2,99,4,1,1,0,3,1,1,2,0,0,1,1,7,1.921928094887362,20.28408545335943,3.770690632574555,0,0,0,0.07543175487465181,0.03565459610027855,0.101949860724234,0.02228412256267409,2.5,NOUN,1,0,0
2022-07-24,400,power,39813,3401,2,6,19,29,24,15,4,99,5,0,0,1,2,0,0,3,0,0,1,1,10,2.321928094887362,22.61077828097872,2.5,1,1,0,0.06072423398328691,0.01671309192200557,0.08746518105849581,0.01392757660167131,5.52,NOUN,1,0,0
2022-07-23,399,midge,36769,3111,0,2,18,39,28,10,2,99,5,0,0,0,2,0,1,3,0,0,1,2,9,2.321928094887362,18.16613410760373,2.892788867148091,0,0,0,0.04969359331476323,0.02841225626740947,0.08022284122562674,0.03342618384401114,2.76,NOUN,1,0,0
2022-07-22,398,tryst,43099,3665,0,3,26,41,23,6,1,100,4,1,1,1,0,0,0,5,1,0,0,5,8,1.921928094887362,18.13337980272763,2.57134582144651,0,0,0,0.06050139275766016,0.033983286908078,0.07966573816155989,0.02228412256267409,2.56,NOUN,1,0,0
2022-07-21,397,aphid,39086,3367,0,6,24,36,23,9,2,100,5,0,0,0,2,1,0,3,0,0,1,2,11,2.321928094887362,51.70329757199322,5.128394563711913,0,0,0,0.05002785515320333,0.03008356545961003,0.0467966573816156,0.005571030640668524,2.39,NOUN,1,0,0
2022-07-20,396,trite,42237,3685,0,4,14,22,22,23,15,100,4,1,1,0,2,0,1,3,0,0,1,2,5,1.921928094887362,9.608512958786932,2.5,1,0,0,0.07576601671309192,0.05682451253481894,0.1175487465181058,0.07520891364902507,2.8,NOUN,1,0,0
2022-07-19,395,angry,39667,3358,0,5,27,38,21,7,1,99,5,0,0,1,1,1,0,4,1,0,1,4,9,2.321928094887362,18.70676109524269,2.481861659584744,0,0,0,0.05493036211699165,0.02841225626740947,0.07353760445682452,0.02506963788300836,4.66,ADJ,0,0,1
2022-07-18,394,flock,42574,3548,0,4,22,37,27,9,1,100,5,0,0,2,1,0,0,4,0,0,1,2,14,2.321928094887362,14.67560754158123,4.355893708482386,0,0,0,0.04278551532033427,0.01838440111420613,0.08300835654596099,0.04456824512534819,3.69,NOUN,1,0,0
2022-07-17,393,wacky,39611,3345,0,3,18,39,27,10,2,99,5,0,0,3,1,0,0,4,1,0,1,3,17,2.321928094887362,23.99346268810555,2.746342257741365,0,0,0,0.0396657381615599,0.01671309192200557,0.07130919220055712,0.02506963788300836,3.29,NOUN,1,0,0
2022-07-16,392,roomy,38769,3280,0,2,17,41,28,10,2,100,4,1,1,1,2,0,0,3,1,1,2,2,10,1.921928094887362,14.61889284944747,2.516123775561495,0,0,0,0.05749303621169917,0.03064066852367688,0.0991643454038997,0.03621169916434541,2.67,NOUN,1,0,0
2022-07-15,391,wedge,39234,3353,0,2,11,32,37,17,2,101,4,1,1,1,2,0,1,3,0,0,1,2,10,1.921928094887362,20.54595341872739,1.559016994374947,0,0,0,0.05604456824512535,0.01671309192200557,0.07799442896935933,0.03064066852367688,3.62,NOUN,1,0,0
2022-07-14,390,liver,40549,3388,0,4,16,26,25,20,8,99,5,0,0,1,2,0,0,3,0,0,1,1,8,2.321928094887362,21.34101206680074,2.280604373718116,0,1,0,0.06206128133704736,0.01392757660167131,0.06796657381615598,0.02228412256267409,4.18,NOUN,1,0,0
2022-07-13,389,bland,46246,3727,0,7,31,38,18,4,0,98,5,0,0,0,1,0,0,4,0,0,1,2,8,2.321928094887362,13.32082971292274,5.096100699844706,0,0,0,0.04947075208913649,0.01727019498607242,0.08412256267409471,0.05571030640668524,3.5,NOUN,1,0,0
2022-07-12,388,night,46910,3870,1,8,27,27,17,13,7,100,5,0,0,0,1,0,0,4,0,0,1,3,9,2.321928094887362,42.57705314009662,2.101229586821916,1,0,0,0.04913649025069637,0.02841225626740947,0.04902506963788301,0.01114206128133705,5.61,NOUN,1,0,0
2022-07-11,387,madam,40545,3430,0,3,13,35,34,14,2,101,3,1,2,0,2,0,0,3,0,0,1,1,10,1.521928094887362,23.64243855606759,4.041381265149109,0,0,0,0.05370473537604457,0.03008356545961003,0.06573816155988857,0.01949860724233983,3.59,NOUN,1,0,0
2022-07-10,386,berth,41785,3494,0,7,24,35,24,9,1,100,5,0,0,0,1,0,0,4,0,0,1,3,10,2.321928094887362,15.99354497354497,1.560660171779821,0,0,0,0.06116991643454039,0.01727019498607242,0.06406685236768803,0.05571030640668524,3.44,NOUN,1,0,0
2022-07-09,385,stead,47094,3933,1,6,20,27,28,16,3,101,5,0,0,0,2,0,0,3,0,0,2,2,6,2.321928094887362,14.83587693141773,2.349586409417042,0,0,0,0.06852367688022284,0.03008356545961003,0.08133704735376045,0.03899721448467967,3.19,NOUN,1,0,0
2022-07-08,384,voice,42806,3484,1,5,24,35,25,9,1,100,5,0,0,1,3,0,1,2,0,0,2,1,10,2.321928094887362,19.76883699799642,3.442582403567252,0,0,0,0.05738161559888579,0.01392757660167131,0.1075208913649025,0.01671309192200557,5.07,NOUN,1,0,0
2022-07-07,383,agape,43407,3671,0,2,18,36,27,15,3,101,4,1,1,0,3,1,1,2,0,0,1,1,8,1.921928094887362,50.0926147999818,6.013846284534354,0,0,0,0.06874651810584957,0.02841225626740947,0.08579387186629525,0.005571030640668524,2.65,NOUN,1,0,0
2022-07-06,382,fluff,47344,4049,0,0,4,25,44,23,4,100,3,1,1,3,1,0,0,4,0,1,1,2,14,1.370950594454669,49.42077922077922,2.599586409417042,1,0,0,0.03064066852367688,0.01838440111420613,0.05515320334261838,0.008356545961002786,3.2,NOUN,1,0,0
2022-07-05,381,field,44578,3604,1,6,25,36,23,9,1,101,5,0,0,1,2,0,0,3,0,0,2,2,9,2.321928094887362,15.36037549407115,5.30146703897897,1,0,0,0.05403899721448469,0.01838440111420613,0.06629526462395544,0.05571030640668524,5.24,NOUN,1,0,0
2022-07-04,380,sever,42645,3591,0,2,13,27,29,21,7,99,4,1,1,1,2,0,0,3,0,0,1,1,8,1.921928094887362,16.66832486482965,1.721587379343169,0,1,0,0.06852367688022284,0.01392757660167131,0.09192200557103063,0.02228412256267409,3.15,NOUN,1,0,0
2022-07-03,379,lilac,40486,3461,0,2,17,38,29,12,1,99,4,1,1,0,2,0,0,3,0,0,1,1,7,1.921928094887362,33.29872286354755,3.266123775561495,0,0,0,0.06194986072423399,0.03955431754874652,0.04512534818941505,0.01392757660167131,3.11,NOUN,1,0,0
2022-07-02,378,egret,41765,3515,0,3,14,33,33,15,2,100,4,1,1,0,2,1,0,3,0,0,1,2,6,1.921928094887362,49.90063700707786,1.662570384968221,0,0,0,0.07610027855153204,0.02841225626740947,0.06740947075208914,0.005571030640668524,2.32,NOUN,1,0,0
2022-07-01,377,pinto,47248,3792,0,5,25,41,22,6,1,100,5,0,0,0,2,0,1,3,0,0,1,2,7,2.321928094887362,18.55174937783634,2.766123775561495,0,0,0,0.05760445682451254,0.03565459610027855,0.0596100278551532,0.03064066852367688,3.12,NOUN,1,0,0
2022-06-30,376,hutch,44212,3758,0,1,12,28,28,21,9,99,4,1,1,0,1,0,0,4,0,0,1,3,13,1.921928094887362,23.64282643053541,2.351229586821916,0,0,0,0.04512534818941504,0.03565459610027855,0.04456824512534819,0.03064066852367688,3.04,NOUN,1,0,0
2022-06-29,375,gawky,45645,3957,0,1,5,22,33,28,10,99,5,0,0,3,1,0,0,4,1,0,1,3,16,2.321928094887362,28.07194159481975,3.433261017542776,0,0,0,0.03743732590529249,0.01671309192200557,0.07242339832869081,0.01392757660167131,1.91,NOUN,1,0,0
2022-06-28,374,droll,47312,3844,0,2,16,31,31,17,3,100,4,1,1,0,1,0,0,4,0,1,1,2,6,1.921928094887362,15.34320720720721,1.853553390593274,0,0,0,0.0607242339832869,0.03008356545961003,0.0818941504178273,0.03342618384401114,2.58,NOUN,1,0,0
2022-06-27,373,retro,47986,3848,0,6,24,35,24,9,1,99,4,1,1,0,2,0,1,3,0,0,1,2,5,1.921928094887362,22.61357435667781,2.25,0,0,1,0.07966573816155989,0.07242339832869081,0.05236768802228412,0.03064066852367688,3.73,NOUN,1,0,0
2022-06-26,372,rusty,50450,3954,0,9,37,34,13,5,1,99,5,0,0,1,1,0,0,4,1,0,1,3,8,2.321928094887362,22.84617171654987,3.065324293440291,0,0,0,0.05314763231197772,0.033983286908078,0.06350974930362116,0.02228412256267409,3.61,NOUN,1,0,0
2022-06-25,371,beady,46089,3670,0,3,19,39,29,10,1,101,5,0,0,1,2,0,0,3,1,0,2,2,11,2.321928094887362,18.26435927859516,2.55669319060359,0,0,0,0.05448467966573815,0.01727019498607242,0.08245125348189415,0.02228412256267409,2.48,NOUN,1,0,0
2022-06-24,370,smite,50617,3991,0,6,23,35,24,11,2,101,5,0,0,0,2,0,1,3,0,0,1,2,7,2.321928094887362,18.64914888883462,3.083771872773144,0,0,0,0.06228412256267409,0.03064066852367688,0.1119777158774373,0.01671309192200557,2.93,NOUN,1,0,0
2022-06-23,369,brink,53111,4118,0,4,22,41,24,7,1,99,5,0,0,1,1,0,0,4,0,0,1,2,11,2.321928094887362,14.41139718389718,2.825140769936442,3,0,0,0.04345403899721448,0.01727019498607242,0.07966573816155989,0.04456824512534819,3.51,NOUN,1,0,0
2022-06-22,368,awful,47645,3861,0,5,21,33,27,12,2,100,5,0,0,2,2,1,0,3,0,0,1,2,11,2.321928094887362,42.65261904761905,2.262156794385263,0,0,0,0.04434540389972145,0.01671309192200557,0.04011142061281338,0.01114206128133705,4.46,NOUN,1,0,0
2022-06-21,367,gloat,53342,4194,0,8,21,31,26,12,2,100,5,0,0,0,2,0,0,3,0,0,2,2,6,2.321928094887362,11.24605181876397,4.296340843479053,1,0,0,0.06518105849582173,0.02841225626740947,0.1036211699164345,0.04735376044568245,2.62,NOUN,1,0,0
2022-06-20,366,input,50484,3950,0,5,30,38,21,6,1,101,5,0,0,0,2,1,0,3,0,0,1,2,7,2.321928094887362,25.27297040555352,3.075140769936442,0,0,0,0.04991643454038998,0.03565459610027855,0.05403899721448469,0.02785515320334262,4.35,NOUN,1,0,0
2022-06-19,365,loser,55359,4399,1,10,28,32,19,8,2,100,5,0,0,0,2,0,0,3,0,0,1,1,5,2.321928094887362,19.62711607362086,2.621320343559643,0,1,0,0.07253481894150418,0.04902506963788301,0.08356545961002786,0.02228412256267409,4.01,NOUN,1,0,0
2022-06-18,364,cacao,47205,4101,0,1,9,27,36,23,4,100,3,1,2,0,3,0,1,2,0,0,2,1,9,1.521928094887362,20.49277044639948,3.69261542019948,0,0,0,0.0660724233983287,0.03955431754874652,0.07353760445682452,0.02506963788300836,2.86,NOUN,1,0,0
2022-06-17,363,blown,54665,4251,0,6,23,35,26,10,1,101,5,0,0,1,1,0,0,4,0,0,1,2,10,2.321928094887362,25.58302380952381,4.14881039515431,1,0,0,0.04389972144846797,0.01671309192200557,0.07409470752089137,0.01392757660167131,4.21,NOUN,1,0,0
2022-06-16,362,apron,53430,4112,0,7,30,38,19,5,1,100,5,0,0,0,2,1,0,3,0,0,1,2,7,2.321928094887362,21.39258785332315,5.915234103400351,0,0,0,0.06440111420612812,0.03565459610027855,0.05125348189415042,0.03064066852367688,3.36,NOUN,1,0,0
2022-06-15,361,primo,55989,4391,0,3,22,38,25,10,2,100,5,0,0,0,2,0,1,3,0,0,1,2,9,2.321928094887362,18.0080372467329,3.766123775561495,1,0,0,0.0543732590529248,0.03064066852367688,0.0724233983286908,0.03064066852367688,2.99,NOUN,1,0,0
2022-06-14,360,atone,59968,4762,2,16,34,29,14,4,1,100,5,0,0,0,3,1,1,2,0,0,1,1,5,2.321928094887362,12.87395724823122,3.83355204413641,0,0,0,0.0773259052924791,0.04902506963788301,0.1064066852367688,0.03899721448467967,2.86,NOUN,1,0,0
2022-06-13,359,donor,53802,4142,0,3,27,38,23,7,1,99,4,1,1,0,2,0,0,3,0,0,1,1,6,1.921928094887362,16.78787358421629,4.573466270306549,0,0,0,0.06038997214484679,0.03008356545961003,0.07688022284122562,0.03342618384401114,3.92,NOUN,1,0,0
2022-06-12,358,float,56684,4323,1,12,30,32,18,6,1,100,5,0,0,1,2,0,0,3,0,0,2,2,8,2.321928094887362,10.28615877063563,4.546340843479053,2,0,0,0.06317548746518106,0.01838440111420613,0.1064066852367688,0.06128133704735376,3.94,NOUN,1,0,0
2022-06-11,357,goose,51958,4087,0,2,12,28,32,21,5,100,4,1,1,0,3,0,1,2,0,1,2,1,6,1.921928094887362,11.31457055649159,3.152096749964058,0,0,0,0.0656267409470752,0.02841225626740947,0.1186629526462396,0.04735376044568245,3.84,NOUN,1,0,0
2022-06-10,356,piety,55376,4324,0,4,25,41,22,7,1,100,5,0,0,1,2,0,0,3,1,0,2,2,10,2.321928094887362,12.76137697591114,2.5,0,0,0,0.06027855153203343,0.033983286908078,0.08467966573816156,0.06406685236768803,3.09,NOUN,1,0,0
2022-06-09,355,girth,60020,4665,0,6,23,33,23,12,3,100,5,0,0,0,1,0,0,4,0,0,1,3,9,2.321928094887362,17.18452780145875,2.394122805635369,0,0,0,0.05426183844011143,0.02841225626740947,0.0596100278551532,0.04735376044568245,2.92,NOUN,1,0,0
2022-06-08,354,trait,61026,4607,0,6,22,35,24,11,2,100,4,1,1,0,2,0,0,3,0,0,2,2,5,1.921928094887362,10.68625001138651,3.558336368008464,1,0,0,0.07298050139275766,0.05682451253481894,0.09972144846796659,0.06406685236768803,3.69,NOUN,1,0,0
2022-06-07,353,flood,58991,4440,0,3,20,40,28,8,1,100,4,1,1,1,2,0,0,3,0,1,2,2,9,1.921928094887362,14.22268958492488,3.020690632574555,1,0,0,0.05181058495821728,0.01838440111420613,0.08412256267409471,0.04735376044568245,4.34,NOUN,1,0,0
2022-06-06,352,gloom,58478,4548,0,2,14,35,35,13,1,100,4,1,1,0,2,0,0,3,0,1,2,2,8,1.921928094887362,21.84972549019608,1.957106781186547,0,0,0,0.05392757660167131,0.02841225626740947,0.07409470752089135,0.01949860724233983,3.31,NOUN,1,0,0
2022-06-05,351,depth,56738,4329,0,6,28,39,20,6,1,100,5,0,0,0,1,0,0,4,0,0,1,3,11,2.321928094887362,19.92544973544974,3.603553390593274,0,0,0,0.05593314763231198,0.03008356545961003,0.05626740947075209,0.03342618384401114,4.55,NOUN,1,0,0
2022-06-04,350,froth,58263,4432,0,5,22,35,25,11,1,99,5,0,0,1,1,0,0,4,0,0,1,2,11,2.321928094887362,12.88943616343616,2.853553390593274,0,0,0,0.05571030640668524,0.01838440111420613,0.08690807799442896,0.05571030640668524,2.75,NOUN,1,0,0
2022-06-03,349,peach,65431,4957,1,13,38,32,13,3,0,100,5,0,0,0,2,0,0,3,0,0,2,2,12,2.321928094887362,14.72473965500201,3.65860340379199,0,0,0,0.06105849582172702,0.03565459610027855,0.07409470752089137,0.05292479108635097,3.77,NOUN,1,0,0
2022-06-02,348,showy,61278,4770,0,2,16,37,30,13,2,100,5,0,0,2,1,0,0,4,1,0,1,2,14,2.321928094887362,20.84490683546145,4.540569415042095,1,0,0,0.04256267409470753,0.01671309192200557,0.1047353760445683,0.01392757660167131,2.79,NOUN,1,0,0
2022-06-01,347,creak,63241,4797,0,5,21,32,25,14,3,100,5,0,0,1,2,0,0,3,0,0,2,2,11,2.321928094887362,13.31326048188951,3.118033988749895,0,0,0,0.06495821727019499,0.01949860724233983,0.0818941504178273,0.04456824512534819,2.52,NOUN,1,0,0
2022-05-31,346,manor,62768,4802,0,6,27,34,21,10,2,100,5,0,0,0,2,0,0,3,0,0,1,1,7,2.321928094887362,14.48253044696139,4.946833329838748,0,0,0,0.0633983286908078,0.03064066852367688,0.07966573816155989,0.04735376044568245,3.81,NOUN,1,0,0
2022-05-30,345,atoll,60969,4741,0,6,28,36,21,8,1,100,4,1,1,0,2,1,0,3,0,1,1,2,5,1.921928094887362,15.11219047619047,2.280776406404415,0,0,0,0.07197771587743731,0.06239554317548746,0.07799442896935933,0.03899721448467967,2.85,NOUN,1,0,0
2022-05-29,344,bayou,56839,4435,0,6,17,33,29,13,2,100,5,0,0,1,3,0,1,2,1,0,2,1,10,2.321928094887362,90.08436274509805,3.555531284802611,0,0,0,0.04991643454038997,0.01727019498607242,0.05236768802228412,0.002785515320334262,3.14,NOUN,1,0,0
2022-05-28,343,crept,60069,4562,0,4,27,38,22,7,1,99,5,0,0,0,1,0,0,4,0,0,1,2,9,2.321928094887362,17.04550101484884,3.809016994374947,0,0,0,0.06495821727019499,0.03565459610027855,0.08579387186629527,0.02228412256267409,3.15,NOUN,1,0,0
2022-05-27,342,tiara,63846,4842,0,8,36,33,17,6,1,101,4,1,1,0,3,0,1,2,0,0,2,1,5,1.921928094887362,17.63847975237188,4.098905783050559,0,0,0,0.0762116991643454,0.05682451253481894,0.0746518105849582,0.02506963788300836,2.98,NOUN,1,0,0
2022-05-26,341,asset,63188,4733,0,7,28,34,21,8,1,99,4,1,1,0,2,1,0,3,0,1,1,2,5,1.921928094887362,32.71992272136357,1.103553390593274,0,0,0,0.07231197771587744,0.04902506963788301,0.07186629526462396,0.01114206128133705,4.23,NOUN,1,0,0
2022-05-25,340,vouch,62723,4835,0,2,9,25,33,24,6,99,5,0,0,1,2,0,0,3,0,0,2,2,13,2.321928094887362,23.30774288662834,3.754894605575616,0,0,0,0.04044568245125348,0.01392757660167131,0.06908077994428968,0.01671309192200557,3.13,ADJ,0,0,1
2022-05-24,339,album,63380,4809,0,5,26,35,24,9,1,100,5,0,0,0,2,1,0,3,0,0,1,2,9,2.321928094887362,30.68595238095238,4.237883187590963,0,0,0,0.04690807799442897,0.01727019498607242,0.05292479108635097,0.01949860724233983,5.02,NOUN,1,0,0
2022-05-23,338,hinge,66431,4906,0,5,25,37,22,9,2,100,5,0,0,0,2,0,1,3,0,0,1,2,9,2.321928094887362,18.24181263197791,2.178694160529716,0,0,0,0.05515320334261838,0.02841225626740947,0.08133704735376043,0.03064066852367688,3.32,NOUN,1,0,0
2022-05-22,337,money,67909,4928,1,7,26,36,21,8,1,100,5,0,0,1,2,0,0,3,1,0,1,1,10,2.321928094887362,11.25465583199913,3.259882418918542,0,0,0,0.05805013927576602,0.03064066852367688,0.1036211699164345,0.05571030640668524,5.64,NOUN,1,0,0
2022-05-21,336,scrap,66814,4973,1,9,28,34,20,8,1,101,5,0,0,0,1,0,0,4,0,0,1,3,9,2.321928094887362,30.64897216951297,3.96698608454467,0,0,0,0.05749303621169917,0.03565459610027855,0.06406685236768803,0.01392757660167131,3.9,NOUN,1,0,0
2022-05-20,335,gamer,69884,5238,1,4,17,28,26,18,6,100,5,0,0,0,2,0,0,3,0,0,1,1,8,2.321928094887362,19.69770161552993,3.88872462132445,0,1,0,0.06495821727019499,0.02841225626740947,0.08356545961002786,0.01949860724233983,3.62,NOUN,1,0,0
2022-05-19,334,glass,70920,5162,0,4,19,33,27,14,3,100,4,1,1,0,1,0,0,4,0,1,1,2,6,1.921928094887362,34.79979036011868,3.25,1,0,0,0.05548746518105849,0.02841225626740947,0.07075208913649025,0.008356545961002786,4.85,NOUN,1,0,0
2022-05-18,333,scour,73933,5544,0,8,34,35,17,5,1,100,5,0,0,0,2,0,0,3,0,0,2,2,7,2.321928094887362,26.43527170868348,3.184692220677463,0,0,0,0.05459610027855153,0.03565459610027855,0.08412256267409471,0.01392757660167131,2.97,NOUN,1,0,0
2022-05-17,332,being,70722,5142,0,4,22,37,26,10,1,100,5,0,0,0,2,0,0,3,0,0,2,2,8,2.321928094887362,20.80478521478522,3.017766952966369,0,0,0,0.05080779944289693,0.01727019498607242,0.06963788300835655,0.01949860724233983,5.95,VERB,0,1,0
2022-05-16,331,delve,68349,5179,0,2,14,32,33,16,2,99,4,1,1,1,2,0,1,3,0,0,1,2,9,1.921928094887362,24.68895846923244,3.604462505347699,0,0,0,0.06228412256267409,0.01392757660167131,0.07353760445682452,0.02506963788300836,3.14,NOUN,1,0,0
2022-05-15,330,yield,67115,4963,0,4,16,29,29,18,4,100,5,0,0,1,2,0,0,3,1,0,2,2,9,2.321928094887362,47.99673913043478,4.770690632574555,1,0,0,0.05715877437325906,0.03008356545961003,0.05515320334261838,0.005571030640668524,4.16,NOUN,1,0,0
2022-05-14,329,metal,73225,5290,1,10,31,34,18,7,1,102,5,0,0,0,2,0,0,3,0,0,1,1,7,2.321928094887362,16.98515833628737,4.64881039515431,1,0,0,0.07130919220055709,0.03064066852367688,0.06462395543175488,0.03621169916434541,4.82,NOUN,1,0,0
2022-05-13,328,tipsy,77585,5522,0,6,33,38,17,5,1,100,5,0,0,1,1,0,0,4,1,0,1,3,10,2.321928094887362,15.37258637842489,4.296340843479053,0,0,0,0.04958217270194986,0.033983286908078,0.07688022284122562,0.03899721448467967,2.87,NOUN,1,0,0
2022-05-12,327,slung,75673,5419,0,2,16,37,31,13,2,101,5,0,0,0,1,0,0,4,0,0,1,2,6,2.321928094887362,18.70033397974574,3.221587379343169,0,0,0,0.0449025069637883,0.02841225626740947,0.08579387186629525,0.01949860724233983,2.85,NOUN,1,0,0
2022-05-11,326,farce,79446,5688,0,9,26,32,21,9,1,98,5,0,0,1,2,0,1,3,0,0,1,2,10,2.321928094887362,13.11197870922637,2.599586409417042,0,0,0,0.06473537604456825,0.01838440111420613,0.1013927576601671,0.05292479108635097,3.33,NOUN,1,0,0
2022-05-10,325,gecko,74412,5489,0,2,16,38,29,12,2,99,5,0,0,1,2,0,1,3,0,0,1,2,12,2.321928094887362,27.82013835837365,2.687325263366418,0,0,0,0.0528133704735376,0.01949860724233983,0.04233983286908079,0.02506963788300836,2.91,NOUN,1,0,0
2022-05-09,324,shine,88932,6146,1,14,32,30,17,6,1,101,5,0,0,0,2,0,1,3,0,0,1,2,8,2.321928094887362,8.960519000204737,3.167511594427492,1,0,0,0.0592757660167131,0.03899721448467967,0.1264623955431755,0.07242339832869081,4.17,NOUN,1,0,0
2022-05-08,323,canny,72518,5256,0,2,10,30,34,20,4,100,4,1,1,1,1,0,0,4,1,1,1,3,10,1.921928094887362,11.02017462351313,2.333771872773144,0,0,0,0.05203342618384401,0.033983286908078,0.09972144846796657,0.06406685236768803,2.89,NOUN,1,0,0
2022-05-07,322,midst,74458,5233,0,3,25,39,24,9,1,101,5,0,0,0,1,0,0,4,0,0,1,3,8,2.321928094887362,17.51957839262187,2.874341287815239,0,0,0,0.04779944289693593,0.03008356545961003,0.06852367688022284,0.03342618384401114,3.89,NOUN,1,0,0
2022-05-06,321,badge,76292,5482,0,4,20,35,26,12,2,99,5,0,0,0,2,0,1,3,0,0,1,2,9,2.321928094887362,16.54022831050228,2.589793400779363,0,0,0,0.05337047353760446,0.01727019498607242,0.09415041782729805,0.03342618384401114,4.02,NOUN,1,0,0
2022-05-05,320,homer,85979,6313,0,3,16,26,24,19,12,100,5,0,0,0,2,0,0,3,0,0,1,1,10,2.321928094887362,21.91345473495952,2.865710184978537,0,1,0,0.0641782729805014,0.03064066852367688,0.0818941504178273,0.01949860724233983,3.89,NOUN,1,0,0
2022-05-04,319,train,107750,7243,6,26,32,22,10,3,0,99,5,0,0,0,2,0,0,3,0,0,2,2,5,2.321928094887362,13.61288044616912,3.515443149195011,1,0,0,0.0683008356545961,0.04902506963788301,0.08300835654596102,0.04456824512534819,4.96,NOUN,1,0,0
2022-05-03,318,hairy,85817,5941,1,8,24,33,23,10,1,100,5,0,0,1,2,0,0,3,1,0,2,2,11,2.321928094887362,13.59609243383874,4.517766952966369,0,0,0,0.05860724233983287,0.033983286908078,0.1008356545961003,0.03064066852367688,3.8,NOUN,1,0,0
2022-05-02,317,story,95643,6530,1,10,23,29,24,11,2,100,5,0,0,1,1,0,0,4,1,0,1,2,8,2.321928094887362,11.91358275724083,3.540569415042095,0,0,0,0.06083565459610028,0.033983286908078,0.1075208913649025,0.03899721448467967,5.45,NOUN,1,0,0
2022-05-01,316,forgo,77658,5699,0,1,9,26,37,23,3,99,4,1,1,1,2,0,1,3,0,0,1,2,9,1.921928094887362,19.27625222816399,3.909084675395885,0,0,0,0.05392757660167131,0.01838440111420613,0.06685236768802227,0.03064066852367688,2.99,NOUN,1,0,0
2022-04-30,315,larva,77991,5749,0,2,10,25,35,23,4,99,4,1,1,1,2,0,1,3,0,0,1,2,8,1.921928094887362,25.76668803418803,4.08113883008419,0,0,0,0.06562674094707521,0.01392757660167131,0.05571030640668524,0.02506963788300836,2.99,NOUN,1,0,0
2022-04-29,314,trash,106652,7001,2,19,34,27,13,4,1,100,5,0,0,0,1,0,0,4,0,0,1,2,8,2.321928094887362,12.8572776793707,2.290569415042095,0,0,0,0.06473537604456825,0.03899721448467967,0.08467966573816157,0.05571030640668524,4.42,NOUN,1,0,0
2022-04-28,313,zesty,88974,6315,0,2,12,27,30,22,7,100,5,0,0,2,1,0,0,4,1,0,1,3,17,2.321928094887362,87.46385109599395,2.101229586821916,0,0,0,0.05214484679665739,0.002785515320334262,0.06295264623955432,0.002785515320334262,2.41,NOUN,1,0,0
2022-04-27,312,shown,98967,6564,0,6,26,36,22,8,1,99,5,0,0,1,1,0,0,4,0,0,1,2,11,2.321928094887362,23.86710071301248,4.658603403791989,1,0,0,0.04557103064066852,0.01671309192200557,0.08635097493036212,0.01392757660167131,4.9,VERB,0,1,0
2022-04-26,311,heist,103153,6830,1,13,32,31,16,6,1,100,5,0,0,0,2,0,0,3,0,0,2,2,8,2.321928094887362,15.54788255223038,4.351829462658745,0,0,0,0.06395543175487464,0.03899721448467967,0.08412256267409471,0.03064066852367688,3.39,NOUN,1,0,0
2022-04-25,310,askew,91548,6549,0,3,13,29,32,19,4,100,5,0,0,2,2,1,0,3,0,0,1,2,12,2.321928094887362,64.0673864894795,3.274754878398196,0,0,0,0.05526462395543176,0.01671309192200557,0.0456824512534819,0.008356545961002786,2.72,NOUN,1,0,0
2022-04-24,309,inert,97452,6743,0,7,27,34,22,9,1,100,5,0,0,0,2,1,0,3,0,0,1,2,5,2.321928094887362,17.83359437928095,2.108494600052545,1,0,0,0.07108635097493037,0.04902506963788301,0.07353760445682452,0.02785515320334262,3.09,NOUN,1,0,0
2022-04-23,308,olive,95562,6482,1,6,25,34,23,10,1,100,5,0,0,1,3,1,1,2,0,0,1,1,8,2.321928094887362,29.45490363517761,2.280604373718116,0,0,0,0.06194986072423399,0.01392757660167131,0.09637883008356547,0.01114206128133705,4.09,ADJ,0,0,1
2022-04-22,307,plant,119232,7731,2,19,39,28,10,3,0,101,5,0,0,0,1,0,0,4,0,0,1,2,7,2.321928094887362,10.82343840857491,4.187325263366418,0,0,0,0.06161559888579388,0.03565459610027855,0.1002785515320334,0.06406685236768803,4.89,NOUN,1,0,0
2022-04-21,306,oxide,97955,6960,0,2,11,30,33,21,4,101,5,0,0,1,3,1,1,2,0,0,1,1,13,2.321928094887362,43.9003798256538,4.925921180802515,0,0,0,0.05348189415041783,0.003899721448467966,0.07465181058495822,0.01114206128133705,3.66,NOUN,1,0,0
2022-04-20,305,cargo,102007,6796,0,5,20,34,27,12,2,100,5,0,0,0,2,0,1,3,0,0,1,2,8,2.321928094887362,18.27636363636364,2.733916206414731,0,0,0,0.06105849582172702,0.02841225626740947,0.0713091922005571,0.03064066852367688,4.19,NOUN,1,0,0
2022-04-19,304,foyer,108899,8198,0,2,10,19,19,23,26,99,5,0,0,2,2,0,0,3,1,0,1,1,11,2.321928094887362,17.3676755141803,3.024754878398196,0,1,0,0.06072423398328691,0.01838440111420613,0.08857938718662953,0.02228412256267409,3.09,NOUN,1,0,0
2022-04-18,303,flair,112383,7341,1,8,30,36,18,6,1,100,5,0,0,1,2,0,0,3,0,0,2,2,8,2.321928094887362,11.81609531688399,6.017766952966369,0,0,0,0.06016713091922006,0.01838440111420613,0.09192200557103063,0.06128133704735376,3.54,NOUN,1,0,0
2022-04-17,302,ample,106681,7008,0,4,20,35,27,11,2,99,5,0,0,0,2,1,1,3,0,0,1,3,9,2.321928094887362,23.63475212002609,4.296322474608381,0,0,0,0.06395543175487464,0.03064066852367688,0.0807799442896936,0.01671309192200557,3.71,NOUN,1,0,0
2022-04-16,301,cheek,107987,7035,0,3,19,40,28,9,1,100,4,1,1,1,2,0,0,3,0,1,2,2,14,1.921928094887362,12.90211592670895,2.855893708482386,0,0,0,0.06061281337047353,0.01949860724233983,0.08635097493036212,0.04456824512534819,3.96,NOUN,1,0,0
2022-04-15,300,shame,129991,8522,1,11,22,25,21,15,5,100,5,0,0,0,2,0,1,3,0,0,1,2,10,2.321928094887362,11.02359646537523,4.88872462132445,1,0,0,0.06194986072423399,0.03064066852367688,0.1197771587743733,0.04178272980501393,4.55,NOUN,1,0,0
2022-04-14,299,mince,113448,7356,0,6,24,35,24,10,1,100,5,0,0,0,2,0,1,3,0,0,1,2,9,2.321928094887362,14.59598727312624,2.516123775561495,1,0,0,0.05571030640668524,0.03064066852367688,0.08802228412256267,0.05292479108635097,3.02,NOUN,1,0,0
2022-04-13,298,chunk,123255,7835,1,4,29,42,18,5,1,100,5,0,0,1,1,0,0,4,0,0,1,2,14,2.321928094887362,14.16483932733933,2.262156794385263,0,0,0,0.03654596100278552,0.01949860724233983,0.07576601671309192,0.04456824512534819,3.64,NOUN,1,0,0
2022-04-12,297,royal,114907,7275,1,5,24,36,23,9,1,99,5,0,0,1,2,0,0,3,1,0,1,1,8,2.321928094887362,21.21371575925655,5.274754878398197,0,0,0,0.06674094707520892,0.033983286908078,0.07075208913649025,0.02228412256267409,4.85,NOUN,1,0,0
2022-04-11,296,squad,109828,7236,0,3,20,33,27,14,2,99,5,0,0,1,2,0,0,3,0,0,2,2,15,2.321928094887362,45.77825788379868,3.874244023167829,0,0,0,0.04122562674094708,0.002785515320334262,0.0735376044568245,0.005571030640668524,4.67,NOUN,1,0,0
2022-04-10,295,black,126241,7894,1,10,31,34,18,6,1,101,5,0,0,1,1,0,0,4,0,0,1,2,13,2.321928094887362,15.23573861980533,4.864548279177558,0,0,0,0.04545961002785516,0.01727019498607242,0.07799442896935933,0.04456824512534819,5.46,ADJ,0,0,1
2022-04-09,294,stair,134210,8537,2,21,36,26,11,4,1,101,5,0,0,0,2,0,0,3,0,0,2,2,5,2.321928094887362,13.37934970955015,4.589112774412879,0,0,0,0.0683008356545961,0.04902506963788301,0.09247910863509749,0.03899721448467967,3.26,NOUN,1,0,0
2022-04-08,293,scare,141158,9010,1,12,23,26,21,13,4,100,5,0,0,0,2,0,1,3,0,0,1,2,7,2.321928094887362,20.8970342919165,1.953139800010316,0,0,0,0.07086350974930362,0.03955431754874652,0.1119777158774373,0.01392757660167131,4.07,NOUN,1,0,0
2022-04-07,292,foray,117761,7575,0,2,14,31,31,19,4,101,5,0,0,2,2,0,0,3,1,0,1,1,11,2.321928094887362,12.04291465559831,4.590079171838488,0,0,0,0.05793871866295265,0.01838440111420613,0.09637883008356546,0.05571030640668524,3.04,NOUN,1,0,0
2022-04-06,291,comma,117856,7560,0,2,13,33,33,17,3,101,4,1,1,0,2,0,1,3,0,1,1,2,11,1.921928094887362,26.60518801459978,3.808936243845293,0,0,0,0.05270194986072424,0.03064066852367688,0.06406685236768803,0.01949860724233983,3.27,NOUN,1,0,0
2022-04-05,290,natal,121356,7702,0,2,14,32,32,17,3,100,4,1,1,0,2,0,0,3,0,0,1,1,5,1.921928094887362,24.29337262200165,5.336307691207026,0,0,0,0.07220055710306406,0.04902506963788301,0.06796657381615598,0.01671309192200557,3.41,ADJ,0,0,1
2022-04-04,289,shawl,129651,7943,0,3,16,31,30,16,3,99,5,0,0,1,1,0,0,4,0,0,1,2,11,2.321928094887362,22.60503482153961,4.371320343559643,1,0,0,0.05114206128133705,0.01671309192200557,0.08690807799442897,0.01392757660167131,3.17,NOUN,1,0,0
2022-04-03,288,fewer,124532,7931,0,2,10,24,32,26,6,100,4,1,1,2,2,0,0,3,0,0,1,1,11,1.921928094887362,23.90911809121111,1.103553390593274,0,1,0,0.06295264623955432,0.01671309192200557,0.07409470752089135,0.01392757660167131,4.31,ADJ,0,0,1
2022-04-02,287,trope,155079,9315,1,16,33,28,15,6,1,100,5,0,0,0,2,0,1,3,0,0,1,2,7,2.321928094887362,15.72843551770949,3.5,1,0,0,0.07186629526462396,0.03565459610027855,0.1103064066852368,0.02228412256267409,3.1,NOUN,1,0,0
2022-04-01,286,snout,144648,8913,1,4,19,27,26,18,5,100,5,0,0,0,2,0,0,3,0,0,2,2,5,2.321928094887362,15.808242114237,2.932164225270412,0,0,0,0.05604456824512535,0.03565459610027855,0.09693593314763232,0.02785515320334262,3.08,NOUN,1,0,0
2022-03-31,285,lowly,135219,8469,0,2,9,26,32,24,8,101,4,1,1,2,1,0,0,4,1,0,1,3,11,1.921928094887362,25.74789284944747,4.558336368008463,0,1,0,0.04991643454038997,0.01671309192200557,0.07910863509749304,0.01392757660167131,3.27,ADV,0,0,0
2022-03-30,284,stove,158139,9318,0,5,16,24,27,21,6,99,5,0,0,1,2,0,1,3,0,0,1,2,8,2.321928094887362,16.13597620966195,3.695877611200668,0,0,0,0.06239554317548747,0.01392757660167131,0.1103064066852368,0.02785515320334262,3.71,NOUN,1,0,0
2022-03-29,283,shall,149070,8494,0,3,17,30,28,17,4,99,4,1,1,0,1,0,0,4,0,1,1,2,8,1.921928094887362,11.23670148820628,4.25,1,0,0,0.06027855153203342,0.03899721448467967,0.09749303621169916,0.06685236768802229,5.03,VERB,0,1,0
2022-03-28,282,found,173696,10613,1,6,17,22,20,21,14,101,5,0,0,1,2,0,0,3,0,0,2,2,9,2.321928094887362,13.58730367671544,3.124341287815239,0,0,0,0.04144846796657382,0.01838440111420613,0.0818941504178273,0.05571030640668524,5.68,NOUN,1,0,0
2022-03-27,281,nymph,165468,9935,1,2,18,44,26,26,9,126,5,0,0,1,0,0,0,5,1,0,0,5,15,2.321928094887362,70.68880952380951,2.99118121964536,0,0,0,0.03766016713091922,0.03064066852367688,0.02395543175487465,0.005571030640668524,2.87,NOUN,1,0,0
2022-03-26,280,epoxy,149507,9376,0,2,13,31,33,18,3,100,5,0,0,2,2,1,0,3,1,0,1,2,17,2.321928094887362,52.50857884972171,4.938061461070024,0,0,0,0.05002785515320335,0.003899721448467966,0.06796657381615598,0.005571030640668524,3.1,NOUN,1,0,0
2022-03-25,279,depot,150197,8562,0,5,29,36,20,7,1,98,5,0,0,0,2,0,0,3,0,0,1,1,8,2.321928094887362,19.46058945317257,3.25,0,0,0,0.06295264623955432,0.03008356545961003,0.06518105849582173,0.03342618384401114,3.95,NOUN,1,0,0
2022-03-24,278,chest,169066,9318,1,14,35,31,14,5,1,101,5,0,0,0,1,0,0,4,0,0,1,2,10,2.321928094887362,11.56935441370224,2.725261635719558,0,0,0,0.06050139275766016,0.03899721448467967,0.0913649025069638,0.06128133704735376,4.52,NOUN,1,0,0
2022-03-23,277,purge,156785,8555,1,4,22,35,26,11,2,101,5,0,0,0,2,0,1,3,0,0,1,2,8,2.321928094887362,16.40633018603511,2.412570384968221,0,0,0,0.05537604456824513,0.02841225626740947,0.083008356545961,0.04456824512534819,3.57,NOUN,1,0,0
2022-03-22,276,slosh,160161,8807,0,2,19,36,27,13,2,99,4,1,1,0,1,0,0,4,0,0,1,2,8,1.921928094887362,11.40700331041507,4.767766952966369,1,0,0,0.0547075208913649,0.03899721448467967,0.1030640668523677,0.05571030640668524,2.1,NOUN,1,0,0
2022-03-21,275,their,173636,9200,2,14,36,30,13,4,0,99,5,0,0,0,2,0,0,3,0,0,2,2,8,2.321928094887362,12.1355919442876,3.394122805635369,0,0,0,0.06908077994428971,0.03899721448467967,0.08412256267409471,0.06406685236768803,6.33,PRON,0,0,0
2022-03-20,274,renew,154987,8417,0,4,20,33,27,13,2,99,4,1,1,1,2,0,0,3,0,0,1,1,8,1.921928094887362,36.81220254299122,2.302775637731995,0,0,1,0.0690807799442897,0.01671309192200557,0.06128133704735376,0.008356545961002786,3.73,NOUN,1,0,0
2022-03-19,273,allow,156311,8515,0,5,21,32,26,14,3,101,4,1,1,1,2,1,0,3,0,1,1,2,8,1.921928094887362,40.40845004668534,4.0,0,0,0,0.06083565459610028,0.01671309192200557,0.05515320334261838,0.008356545961002786,5.01,VERB,0,1,0
2022-03-18,272,saute,179830,9304,1,8,31,34,19,6,1,100,5,0,0,0,3,0,1,2,0,0,2,1,5,2.321928094887362,9.110783087968827,2.770690632574555,0,0,0,0.06963788300835654,0.03565459610027855,0.1264623955431755,0.07520891364902507,2.46,NOUN,1,0,0
2022-03-17,271,movie,169071,8847,1,5,18,30,26,16,3,99,5,0,0,1,3,0,1,2,0,0,2,1,10,2.321928094887362,18.0781439115253,4.421431971720068,0,0,0,0.05559888579387186,0.01392757660167131,0.09749303621169916,0.02228412256267409,5.16,NOUN,1,0,0
2022-03-16,270,cater,217856,11234,1,7,19,22,19,18,15,101,5,0,0,0,2,0,0,3,0,0,1,1,7,2.321928094887362,12.91586384545687,2.339793400779363,0,1,0,0.07554317548746518,0.03955431754874652,0.0958217270194986,0.03621169916434541,3.55,NOUN,1,0,0
2022-03-15,269,tease,202855,10024,1,16,32,30,16,6,1,102,4,1,1,0,3,0,1,2,0,0,2,1,5,1.921928094887362,10.87458449695149,1.662570384968221,0,0,0,0.08300835654596099,0.04902506963788301,0.1091922005571031,0.06128133704735376,3.59,NOUN,1,0,0
2022-03-14,268,smelt,185406,9373,0,5,19,33,28,13,2,100,5,0,0,0,1,0,0,4,0,0,1,2,7,2.321928094887362,20.32037936913896,4.944255906127061,0,0,0,0.0633983286908078,0.03064066852367688,0.08746518105849582,0.01671309192200557,2.99,NOUN,1,0,0
2022-03-13,267,focus,179436,8937,1,4,23,36,24,10,1,99,5,0,0,1,2,0,0,3,0,0,1,1,10,2.321928094887362,43.76259061200237,5.248682575630477,0,0,0,0.04334261838440111,0.01838440111420613,0.05292479108635097,0.008356545961002786,5.0,NOUN,1,0,0
2022-03-12,266,today,192049,9353,1,7,29,35,20,7,1,100,5,0,0,1,2,0,0,3,1,0,1,1,9,2.321928094887362,13.56594495862861,4.295445510972751,0,0,0,0.05983286908077995,0.03008356545961003,0.09637883008356546,0.03342618384401114,5.55,NOUN,1,0,0
2022-03-11,265,watch,226349,12400,1,6,14,18,17,24,20,100,5,0,0,1,1,0,0,4,0,0,1,3,13,2.321928094887362,20.91513035210404,2.882005993226331,1,0,0,0.05125348189415042,0.01671309192200557,0.06183844011142061,0.03064066852367688,5.34,NOUN,1,0,0
2022-03-10,264,lapse,208884,9960,0,8,31,34,19,7,1,100,5,0,0,0,2,0,1,3,0,0,1,2,7,2.321928094887362,16.39467969245367,6.632964112202266,0,0,0,0.06763231197771588,0.03565459610027855,0.09470752089136492,0.03621169916434541,3.49,NOUN,1,0,0
2022-03-09,263,month,201799,9435,1,5,26,37,22,8,1,100,5,0,0,0,1,0,0,4,0,0,1,3,10,2.321928094887362,14.36884152694894,2.521064985020766,0,0,0,0.05303621169916435,0.03064066852367688,0.07855153203342619,0.05571030640668524,5.25,NOUN,1,0,0
2022-03-08,262,sweet,207473,9767,1,5,18,31,28,15,2,100,4,1,1,1,2,0,0,3,0,1,2,2,8,1.921928094887362,18.99848014433276,1.0,0,0,0,0.06863509749303622,0.01671309192200557,0.09805013927576602,0.01671309192200557,4.91,NOUN,1,0,0
2022-03-07,261,hoard,218595,9823,1,9,30,34,19,7,1,101,5,0,0,0,2,0,0,3,0,0,2,2,9,2.321928094887362,15.67074537535361,3.950256657752101,0,0,0,0.06128133704735376,0.03008356545961003,0.08579387186629527,0.03064066852367688,3.23,NOUN,1,0,0
2022-03-06,260,cloth,218595,9911,1,8,33,34,17,7,1,101,5,0,0,0,1,0,0,4,0,0,1,2,10,2.321928094887362,11.57054064454065,3.124244023167829,1,0,0,0.05749303621169917,0.03899721448467967,0.09582172701949862,0.05571030640668524,4.03,NOUN,1,0,0
2022-03-05,259,brine,229895,10405,1,9,25,29,22,12,3,101,5,0,0,0,2,0,1,3,0,0,1,2,7,2.321928094887362,10.9074588277328,3.167511594427492,1,0,0,0.06005571030640668,0.01727019498607242,0.1114206128133705,0.05571030640668524,3.07,NOUN,1,0,0
2022-03-04,258,ahead,203730,9396,1,5,20,35,26,12,2,101,4,1,1,0,3,1,0,2,0,0,2,1,9,1.921928094887362,13.03950565563469,3.099586409417042,0,0,0,0.06974930362116992,0.03008356545961003,0.07910863509749302,0.05571030640668524,5.01,ADV,0,0,0
2022-03-03,257,mourn,240018,10465,1,8,29,34,19,8,1,100,5,0,0,0,2,0,0,3,0,0,2,2,7,2.321928094887362,14.52549092050613,2.664213562373095,0,0,0,0.0528133704735376,0.03064066852367688,0.08022284122562674,0.04456824512534819,3.43,NOUN,1,0,0
2022-03-02,256,nasty,257304,10813,1,7,26,31,21,11,2,99,5,0,0,1,1,0,0,4,1,0,1,3,8,2.321928094887362,26.56206538170824,2.565324293440291,0,0,0,0.05860724233983287,0.033983286908078,0.07688022284122562,0.01671309192200557,4.22,ADJ,0,0,1
2022-03-01,255,rupee,240137,10577,1,2,17,35,30,13,2,100,4,1,1,0,3,0,1,2,0,1,2,1,7,1.921928094887362,17.52850684910914,3.25,0,0,0,0.07019498607242339,0.03565459610027855,0.08913649025069639,0.03621169916434541,3.04,NOUN,1,0,0
2022-02-28,254,choke,251094,10521,1,8,30,36,18,6,1,100,5,0,0,1,2,0,1,3,0,0,1,2,14,2.321928094887362,13.2983495226235,3.20944709907566,0,0,0,0.05493036211699165,0.01949860724233983,0.1114206128133705,0.03064066852367688,3.72,NOUN,1,0,0
2022-02-27,253,chant,250413,10438,1,9,33,33,16,7,1,100,5,0,0,0,1,0,0,4,0,0,1,2,10,2.321928094887362,10.34369062013147,3.874341287815239,0,0,0,0.0577158774373259,0.03899721448467967,0.1008356545961003,0.07242339832869081,3.6,NOUN,1,0,0
2022-02-26,252,spill,248363,10087,1,5,26,34,22,10,2,100,4,1,1,0,1,0,0,4,0,1,1,2,7,1.921928094887362,15.55026737967914,2.869117827667911,4,0,0,0.05325905292479109,0.03565459610027855,0.08579387186629525,0.03064066852367688,3.84,NOUN,1,0,0
2022-02-25,251,vivid,255907,11687,1,2,10,29,33,21,4,100,3,1,2,2,2,0,0,3,0,0,1,1,12,1.521928094887362,30.77514492753623,4.628856844647881,0,0,0,0.03431754874651811,0.01392757660167131,0.04456824512534819,0.01671309192200557,3.75,NOUN,1,0,0
2022-02-24,250,bloke,250674,10405,1,6,21,32,25,12,2,99,5,0,0,1,2,0,1,3,0,0,1,2,11,2.321928094887362,14.24635818063215,2.909084675395885,0,0,0,0.05515320334261838,0.01727019498607242,0.1091922005571031,0.03064066852367688,3.55,NOUN,1,0,0
2022-02-23,249,trove,277576,11411,1,5,16,24,25,22,8,101,5,0,0,1,2,0,1,3,0,0,1,2,8,2.321928094887362,13.93343551770949,3.405308196158574,2,0,0,0.06752089136490251,0.01392757660167131,0.1114206128133705,0.02785515320334262,3.04,NOUN,1,0,0
2022-02-22,248,thorn,306356,11814,1,14,38,30,12,4,0,99,5,0,0,0,1,0,0,4,0,0,1,2,8,2.321928094887362,12.96845297805643,3.101229586821916,0,0,0,0.06183844011142061,0.03899721448467967,0.08802228412256267,0.04456824512534819,3.48,NOUN,1,0,0
2022-02-21,247,other,278731,10887,1,9,26,30,21,10,2,99,5,0,0,0,2,1,0,3,0,0,1,2,8,2.321928094887362,62.69976744186046,2.394122805635369,0,1,0,0.07253481894150418,0.03899721448467967,0.05459610027855153,0.005571030640668524,6.16,ADJ,0,0,1
2022-02-20,246,tacit,273306,11094,1,4,21,32,26,14,3,101,4,1,1,0,2,0,0,3,0,0,1,1,7,1.921928094887362,16.54955314009662,3.686084602562989,0,0,0,0.06596100278551532,0.03955431754874652,0.08690807799442898,0.02506963788300836,2.94,NOUN,1,0,0
2022-02-19,245,swill,282327,11241,1,1,8,19,31,30,10,100,4,1,1,1,1,0,0,4,0,1,1,2,8,1.921928094887362,20.98966131907308,2.103553390593274,2,0,0,0.04947075208913649,0.01671309192200557,0.08300835654596099,0.01671309192200557,2.32,NOUN,1,0,0
2022-02-18,244,dodge,265238,10220,1,3,15,29,27,19,7,101,4,1,1,0,2,0,1,3,0,0,1,2,8,1.921928094887362,18.84557144775719,4.100398259524058,0,0,0,0.05303621169916435,0.02841225626740947,0.09136490250696379,0.03342618384401114,3.93,NOUN,1,0,0
2022-02-17,243,shake,342003,12767,1,6,16,23,24,21,9,100,5,0,0,1,2,0,1,3,0,0,1,2,12,2.321928094887362,12.76420252598129,5.274754878398197,1,0,0,0.05972144846796658,0.01949860724233983,0.1175487465181058,0.03064066852367688,4.33,NOUN,1,0,0
2022-02-16,242,caulk,289721,10740,1,4,20,31,26,15,3,100,5,0,0,1,2,0,0,3,0,0,2,2,11,2.321928094887362,13.71504329004329,2.88872462132445,0,0,0,0.04913649025069638,0.01949860724233983,0.083008356545961,0.04456824512534819,2.29,NOUN,1,0,0
2022-02-15,241,aroma,287836,10343,1,6,25,33,22,11,2,100,4,1,1,0,3,1,1,2,0,0,1,1,7,1.921928094887362,18.7052706992707,4.268366828803197,0,0,0,0.07130919220055709,0.03064066852367688,0.07743732590529248,0.02506963788300836,3.23,NOUN,1,0,0
2022-02-14,240,cynic,261521,10343,1,6,25,33,22,11,2,100,4,1,1,1,1,0,0,4,1,0,1,3,12,1.921928094887362,58.67923583662714,3.454785801836171,0,0,0,0.0437883008356546,0.033983286908078,0.04791086350974931,0.005571030640668524,2.81,NOUN,1,0,0
2022-02-13,239,robin,277471,3249,1,6,29,34,21,8,1,100,5,0,0,0,2,0,0,3,0,0,1,1,7,2.321928094887362,23.5151591907666,3.97652858880244,0,0,0,0.0543732590529248,0.01727019498607242,0.06183844011142061,0.02228412256267409,4.33,NOUN,1,0,0
2022-02-12,238,ultra,269885,9310,1,7,23,34,24,10,1,100,5,0,0,0,2,1,1,3,0,0,1,3,5,2.321928094887362,26.66124057934403,2.630362815821457,0,0,0,0.06674094707520892,0.03565459610027855,0.05626740947075209,0.02228412256267409,4.23,ADJ,0,0,1
2022-02-11,237,ulcer,278826,10631,1,4,18,30,28,16,3,100,5,0,0,0,2,1,0,3,0,0,1,2,7,2.321928094887362,22.38349760059063,2.829707626949502,0,1,0,0.06295264623955432,0.03565459610027855,0.07632311977715878,0.02228412256267409,3.03,NOUN,1,0,0
2022-02-10,236,pause,304830,13480,1,8,26,32,21,10,2,100,5,0,0,0,3,0,1,2,0,0,2,1,7,2.321928094887362,11.42905618552581,5.412845186100379,0,0,0,0.06228412256267409,0.03565459610027855,0.1080779944289694,0.06128133704735376,4.0,NOUN,1,0,0
2022-02-09,235,humor,305372,13846,1,5,22,34,25,11,2,100,5,0,0,0,2,0,0,3,0,0,1,1,10,2.321928094887362,27.28290297937357,2.810660171779821,0,0,0,0.05080779944289694,0.03064066852367688,0.04846796657381616,0.01949860724233983,4.19,NOUN,1,0,0
2022-02-08,234,frame,336236,15369,1,10,20,24,24,17,3,99,5,0,0,1,2,0,1,3,0,0,1,2,10,2.321928094887362,12.64417265653965,3.679294036366545,0,0,0,0.06295264623955432,0.01838440111420613,0.1058495821727019,0.04178272980501393,4.58,NOUN,1,0,0
2022-02-07,233,elder,288228,13340,1,3,13,24,30,24,5,100,4,1,1,0,2,1,0,3,0,0,1,2,6,1.921928094887362,18.59405315614618,3.520690632574555,0,1,0,0.07442896935933148,0.03008356545961003,0.07910863509749304,0.02785515320334262,4.06,NOUN,1,0,0
2022-02-06,232,skill,311018,13716,1,3,17,33,27,16,3,100,4,1,1,1,1,0,0,4,0,1,1,2,9,1.921928094887362,80.82299465240642,2.103553390593274,2,0,0,0.05002785515320333,0.01949860724233983,0.08022284122562674,0.002785515320334262,4.42,NOUN,1,0,0
2022-02-05,231,aloft,319698,13708,1,4,22,36,25,11,2,101,5,0,0,1,2,1,0,3,0,0,1,2,8,2.321928094887362,25.22067908902692,3.87830826899147,0,0,0,0.06317548746518106,0.01838440111420613,0.0947075208913649,0.01114206128133705,3.08,ADV,0,0,0
2022-02-04,230,pleat,359679,14813,1,10,28,31,19,9,2,100,5,0,0,0,2,0,0,3,0,0,2,2,7,2.321928094887362,11.10159487076738,3.464037423947191,0,0,0,0.07231197771587744,0.03565459610027855,0.09582172701949862,0.06406685236768803,2.19,NOUN,1,0,0
2022-02-03,229,shard,358176,14609,1,7,22,28,25,14,4,101,5,0,0,0,1,0,0,4,0,0,1,2,9,2.321928094887362,11.31923022383846,3.394122805635369,0,0,0,0.05626740947075209,0.03008356545961003,0.09805013927576602,0.05571030640668524,3.0,NOUN,1,0,0
2022-02-02,228,moist,361908,14205,3,13,32,29,16,7,1,101,5,0,0,0,2,0,0,3,0,0,2,2,7,2.321928094887362,11.45416724792684,3.268366828803198,0,0,0,0.05660167130919221,0.03064066852367688,0.101949860724234,0.05571030640668524,3.69,NOUN,1,0,0
2022-02-01,227,those,351663,13606,1,13,34,30,15,6,1,100,5,0,0,0,2,0,1,3,0,0,1,2,8,2.321928094887362,10.25228891656289,3.265443149195011,0,0,0,0.06740947075208914,0.03899721448467967,0.1158774373259053,0.06128133704735376,5.9,DET,0,0,0
2022-01-31,226,light,341314,13347,1,10,25,27,19,12,5,99,5,0,0,0,1,0,0,4,0,0,1,3,9,2.321928094887362,36.13346339650688,1.747676196228642,1,0,0,0.05181058495821726,0.02841225626740947,0.05292479108635097,0.01114206128133705,5.33,NOUN,1,0,0
2022-01-30,225,wrung,294687,11524,0,2,18,39,27,12,2,100,5,0,0,1,1,0,0,4,0,0,1,2,9,2.321928094887362,24.0507803007803,2.162570384968221,0,0,0,0.04089136490250696,0.01671309192200557,0.06072423398328691,0.01949860724233983,2.36,NOUN,1,0,0
2022-01-29,224,could,313220,11592,1,7,29,35,20,8,1,101,5,0,0,0,2,0,0,3,0,0,2,2,8,2.321928094887362,12.72955309396486,4.140155824459137,0,0,0,0.04835654596100279,0.03008356545961003,0.08690807799442897,0.05571030640668524,6.06,VERB,0,1,0
2022-01-28,223,perky,296968,11148,1,4,17,30,27,17,4,100,5,0,0,2,1,0,0,4,1,0,1,3,14,2.321928094887362,17.2686036944422,3.589793400779363,0,0,0,0.05325905292479109,0.01949860724233983,0.07298050139275766,0.03064066852367688,2.95,NOUN,1,0,0
2022-01-27,222,mount,331844,11451,1,9,29,33,19,7,1,99,5,0,0,0,2,0,0,3,0,0,2,2,7,2.321928094887362,11.88453687829647,2.325140769936442,0,0,0,0.05236768802228412,0.03064066852367688,0.09526462395543175,0.05571030640668524,4.47,NOUN,1,0,0
2022-01-26,221,whack,302348,10163,1,4,22,37,24,10,2,100,5,0,0,2,1,0,0,4,0,0,1,2,17,2.321928094887362,18.63924511331182,4.114548279177558,0,0,0,0.04066852367688023,0.01671309192200557,0.06796657381615598,0.03064066852367688,3.43,NOUN,1,0,0
2022-01-25,220,sugar,276404,8708,1,6,25,34,23,9,1,99,5,0,0,0,2,0,0,3,0,0,1,1,6,2.321928094887362,17.97670793048402,3.624341287815239,0,0,0,0.05526462395543176,0.02841225626740947,0.07966573816155989,0.02506963788300836,4.68,NOUN,1,0,0
2022-01-24,219,knoll,258038,8317,1,1,11,29,33,21,4,100,4,1,1,1,1,0,0,4,0,1,1,2,9,1.921928094887362,35.57619607843138,1.710404813240945,0,0,0,0.05348189415041783,0.01949860724233983,0.06573816155988857,0.008356545961002786,2.9,NOUN,1,0,0
2022-01-23,218,crimp,269929,7630,1,5,28,38,20,7,1,100,5,0,0,0,1,0,0,4,0,0,1,2,11,2.321928094887362,19.50978296478296,3.019421807615892,1,0,0,0.04746518105849582,0.03064066852367688,0.07632311977715876,0.02228412256267409,2.61,NOUN,1,0,0
2022-01-22,217,wince,241489,6850,1,3,17,33,29,15,3,101,5,0,0,1,2,0,1,3,0,0,1,2,10,2.321928094887362,17.53326000039896,3.457106781186547,1,0,0,0.05292479108635097,0.01671309192200557,0.083008356545961,0.03064066852367688,2.61,NOUN,1,0,0
2022-01-21,216,prick,273727,7409,1,8,30,33,19,7,1,99,5,0,0,1,1,0,0,4,0,0,1,2,13,2.321928094887362,14.96054522121456,5.121046080181822,0,0,0,0.04523676880222842,0.01949860724233983,0.07743732590529248,0.04456824512534819,3.6,NOUN,1,0,0
2022-01-20,215,robot,243964,6589,1,8,29,34,20,8,1,101,4,1,1,0,2,0,0,3,0,0,1,1,7,1.921928094887362,21.69031903731392,4.48606797749979,0,0,0,0.06250696378830084,0.01727019498607242,0.07520891364902507,0.02228412256267409,4.24,NOUN,1,0,0
2022-01-19,214,point,280622,7094,1,16,37,28,12,4,1,99,5,0,0,0,2,0,0,3,0,0,2,2,7,2.321928094887362,10.48380847626372,1.766123775561495,0,0,0,0.05760445682451253,0.03565459610027855,0.1058495821727019,0.06406685236768803,5.54,NOUN,1,0,0
2022-01-18,213,proxy,220950,6206,1,2,11,24,31,26,6,101,5,0,0,2,1,0,0,4,1,0,1,2,17,2.321928094887362,43.86358579342431,5.688061461070024,0,0,0,0.04445682451253483,0.003899721448467966,0.08969359331476325,0.005571030640668524,3.73,NOUN,1,0,0
2022-01-17,212,shire,222197,5640,1,8,32,32,18,8,2,101,5,0,0,0,2,0,1,3,0,0,1,2,8,2.321928094887362,8.674842607631794,2.809016994374947,1,0,0,0.06440111420612812,0.03899721448467967,0.1281337047353761,0.0807799442896936,3.47,NOUN,1,0,0
2022-01-16,211,solar,209609,4955,1,9,32,32,18,7,1,100,5,0,0,0,2,0,0,3,0,0,1,1,5,2.321928094887362,15.16102165597422,4.808336368008463,1,0,0,0.06974930362116992,0.04902506963788301,0.09860724233983287,0.02506963788300836,4.53,NOUN,1,0,0
2022-01-15,210,panic,205880,4655,1,9,35,34,16,5,1,101,5,0,0,0,2,0,0,3,0,0,1,1,9,2.321928094887362,25.22105072463768,5.591999145902724,0,0,0,0.0539275766016713,0.03565459610027855,0.067966573816156,0.01392757660167131,4.26,NOUN,1,0,0
2022-01-14,209,tangy,169484,3985,1,4,21,30,24,15,5,100,5,0,0,1,1,0,0,4,1,0,1,3,9,2.321928094887362,12.96371191955043,3.012638065989159,0,0,0,0.05448467966573815,0.02841225626740947,0.09247910863509748,0.04456824512534819,2.64,NOUN,1,0,0
2022-01-13,208,abbey,132726,3345,1,2,13,29,31,20,3,99,4,1,1,1,2,1,0,3,1,1,1,2,12,1.921928094887362,86.47435927859514,2.487883187590963,0,0,0,0.05192200557103064,0.01727019498607242,0.07186629526462396,0.002785515320334262,3.88,NOUN,1,0,0
2022-01-12,207,favor,137586,3073,1,4,15,26,29,21,4,100,5,0,0,2,2,0,0,3,0,0,1,1,11,2.321928094887362,20.00942768016297,4.136860616825721,0,0,0,0.05392757660167131,0.01392757660167131,0.0724233983286908,0.02228412256267409,4.58,NOUN,1,0,0
2022-01-11,206,drink,153880,3017,1,9,35,34,16,5,1,101,5,0,0,1,1,0,0,4,0,0,1,2,10,2.321928094887362,16.80473051723052,2.619677166154769,1,0,0,0.04601671309192201,0.01949860724233983,0.07520891364902507,0.03342618384401114,4.9,NOUN,1,0,0
2022-01-10,205,query,107134,2242,1,4,16,30,30,17,2,100,5,0,0,2,2,0,0,3,1,0,2,2,17,2.321928094887362,34.49136426984587,3.25,0,0,0,0.04991643454038998,0.002785515320334262,0.0713091922005571,0.008356545961002786,3.64,NOUN,1,0,0
2022-01-09,204,gorge,91477,1913,1,3,13,27,30,22,4,100,4,1,1,0,2,0,1,3,0,0,1,2,7,1.921928094887362,14.69243419285523,3.193346791372637,0,0,0,0.06161559888579388,0.02841225626740947,0.09860724233983287,0.04456824512534819,3.4,NOUN,1,0,0
2022-01-08,203,crank,101503,1763,1,5,23,31,24,14,2,100,5,0,0,1,1,0,0,4,0,0,1,2,11,2.321928094887362,13.03510401969704,3.183358282190186,0,0,0,0.05426183844011142,0.01949860724233983,0.08635097493036212,0.04456824512534819,3.61,NOUN,1,0,0
2022-01-07,202,slump,80630,1362,1,3,23,39,24,9,1,100,5,0,0,0,1,0,0,4,0,0,1,2,9,2.321928094887362,19.44331932773109,3.710404813240945,0,0,0,0.04267409470752089,0.03064066852367688,0.08022284122562673,0.02228412256267409,3.36,NOUN,1,0,0
