字母频率特征_weighted_reduced,位置特征_PLS_reduced,仿真模拟特征_weighted_reduced,强化学习特征_weighted_reduced,Zipf-value,feedback_entropy,letter_entropy,max_consecutive_vowels,semantic_distance,y_true,y_pred
0.3079947679297053,0.8030503175492406,1.8927326510172315,-0.4343338579549353,3.727996789185216,4.7716563084635295,2.321928094887362,1,0.0188216376304437,-0.595631838,-0.36994150636809553
-1.0203057588477449,2.0690736522696755,0.3280104541772403,0.0268609152888513,3.040022169150661,4.708383703284057,1.921928094887362,2,0.0031702373949648,-0.635201216,-0.6339312519672717
-0.3561554954590197,2.7654125336224187,-0.6473787992162615,-1.1927345159332643,2.945046655919803,5.395357284391844,2.321928094887362,1,0.004303905047016,-0.91024673,-1.1527099923696373
0.7507616101888555,-0.4558008901431233,0.8868069457351204,-0.2914190715458707,3.559005870547474,3.2574215318628736,1.921928094887362,1,0.0676922767021679,0.1561554670333862,-0.14419404576489908
-1.0203057588477449,0.4919915050440123,-0.9232434682296032,-0.5648519516013246,3.484958740498922,5.395620736675308,2.321928094887362,2,-0.0347626737793671,-1.143468142,-1.0668681536645563
-0.5775389165885948,1.5942502576177853,0.6745962741631213,1.0813497365693463,2.522283063522734,5.205798178643392,2.321928094887362,1,0.0378480024687524,-0.70477283,-0.6192001751303491
-1.0203057588477449,2.526055006487621,1.1193892597697737,-0.3609665443354687,2.904617998864195,4.687170571330085,1.921928094887362,1,0.0794497770291513,0.3392655849456787,-0.5065261460968616
-0.3561554954590197,-0.5659914230518541,-0.505318955135187,-1.1594029330931,3.579635872074686,4.805598316130765,2.321928094887362,1,-0.1053060212949012,-0.832878411,-0.8476073963394608
-0.3561554954590197,0.178138972072309,-0.0707975667133308,0.5792045641226241,2.333226827302685,4.065585045012133,2.321928094887362,2,0.0595469861239151,-0.848274112,-0.5289839522545076
-0.1347720743294447,-2.2122426774883177,-0.5400866257988473,0.7037699492824363,3.607804487601378,4.643435066630395,2.321928094887362,2,-0.0630974384174582,-0.254642367,-0.6160361542072933
-0.5775389165885948,1.995644124084875,0.4356370669746403,-1.1088671402455612,3.047708997816951,5.2104950027786945,2.321928094887362,2,0.0348329648716154,-1.133117557,-0.8470266677365139
-0.7989223377181699,-1.7235157219367283,-0.2446662266477806,0.9700937550073752,1.768955396864122,4.273825327017094,1.921928094887362,1,0.0568529435960123,-0.301279902,-0.33507353706452664
-0.3561554954590197,0.5725262885575912,0.6310244260134109,-0.6182403601078199,3.504021746548418,4.42679647324314,1.921928094887362,2,0.0324958157747505,-0.44405818,-0.4793617661764033
-0.5775389165885948,-0.1096582339655971,-0.3610561497238076,1.2297142203510871,3.136932182158717,4.8220171720576825,1.921928094887362,1,0.0192764060783017,-0.705981851,-0.5899235997675335
-0.3561554954590197,-0.7965761810504383,2.2332084852823844,0.2199030416650175,2.990804146480479,3.815240583094863,1.921928094887362,1,0.0996147726237784,0.4008997082710266,0.1164297072246342
-0.7989223377181699,-1.7032038848171651,0.6061098257342081,0.8825076674098641,4.782775347501246,4.309453367306016,1.921928094887362,1,-0.0787923849699733,-0.421426892,-0.300507739838616
0.5293781890592804,0.9475081968632982,3.1760606753060943,-0.3021919837715218,3.554285231874889,3.808225814808292,1.921928094887362,1,0.0788330418168103,0.2743610739707947,0.16745375951629815
0.0866113468001303,-1.0094627105077123,-0.3463721592355764,0.3118952960267522,3.909882238856553,4.171346432066916,1.921928094887362,1,-0.0360239241623457,-0.558330357,-0.5066178255999818
0.3079947679297053,1.5809242708381142,0.8233638937520592,0.1453985397785977,2.653561978162053,4.700127499384526,2.321928094887362,1,-0.00987784557878,-0.14690429,-0.5543758090098717
0.0866113468001303,1.8114602648061,0.34447279175303,0.0771113043036463,2.246076651583785,4.835341611944387,2.321928094887362,1,0.0457557393838688,-0.269048929,-0.6813944840676078
-0.5775389165885948,-1.6164996216612983,0.6131033042916585,1.2888884458583634,5.068970854648633,4.444611463819386,1.921928094887362,1,-0.1187730401517544,-0.305534542,-0.31144412396850774
-0.1347720743294447,-1.882870926605996,0.0947742324542286,-0.9801435375752728,5.217455596935289,4.27140917655607,2.321928094887362,1,-0.1291027527090592,-0.659811795,-0.6130155186293047
1.4149118735775803,-1.5540812658386207,1.2887484882479088,0.4636805342102291,4.039245950030883,3.68106356056073,1.921928094887362,2,0.0300729866415319,0.1022737622261047,-0.02297949779472741
-0.1347720743294447,0.8345887623146139,-0.5413501089668298,-1.2511718498471618,5.636717421514323,4.791383980752409,2.321928094887362,1,-0.1803254567880151,-0.905634284,-1.03547791283823
1.8606572206436789,-1.4768575346163022,1.4575846315596095,0.4702737544939131,4.205647994528176,4.741526916472915,2.321928094887362,1,-0.0247399182731601,-0.251356959,-0.26034982225812825
-1.0203057588477449,-0.987703628218682,-0.6167611578865109,1.6603680031972103,4.570587743097289,4.110956718140517,1.921928094887362,2,-0.1016833022651772,-0.571114123,-0.524658062111171
-0.1347720743294447,-0.542856143563146,-0.0927237172181041,-0.7009771816366597,3.428554709300867,4.344887701367938,2.321928094887362,1,0.0397027525402888,-0.743874788,-0.6521489080651652
0.5293781890592804,-1.9366708532553083,-0.3365824425574941,0.0232057589007129,3.062686153786604,4.150308668949755,2.321928094887362,2,0.1036539481893087,-0.790501118,-0.5177605513545682
-0.1347720743294447,-0.7542402010244935,-0.2122603840611179,1.2317927290868276,2.945046655919803,4.914628521851194,2.321928094887362,1,0.0507498745163145,-0.834450841,-0.6193994569341714
-0.3561554954590197,0.0472630534225928,0.6631892666287613,1.3552952168204886,3.890624648907575,3.94756092510537,1.921928094887362,1,-0.0448637135972976,-0.081147611,-0.2674887195429982
0.7507616101888555,-0.4537355909939353,-0.5857659409183784,-0.7127625147422616,3.588499332405991,3.0505159739778067,1.921928094887362,2,0.0640653607260886,-0.4922961,-0.45272636623658913
-0.3561554954590197,2.275356523344073,-0.4943157995151626,-0.8798214901659578,4.314674753020988,5.360043084185452,2.321928094887362,1,-0.0331617452823341,-1.139920592,-1.1270691750037505
0.0866113468001303,-0.9856594662609578,-0.6540049521544997,0.8556960280174787,4.201390171385635,4.061494090397159,2.321928094887362,1,-0.0641857740431782,-0.684476078,-0.6411110962172833
-0.5775389165885948,2.0518938873516706,0.1411967568499072,-1.6705964201617116,4.440745135253817,4.75269672690979,2.321928094887362,1,-0.1035798440070592,-1.531576633,-0.9373011086734817
0.0866113468001303,0.1314603686494766,-0.8252958339925317,-0.0977415851839204,5.392824665214425,4.631108277749154,2.321928094887362,1,-0.0627512482085407,-1.086904287,-0.9457123520639967
0.0866113468001303,1.2941667319222412,-0.2154680473164412,-1.4238923103743328,4.978023376388483,4.674265690279362,2.321928094887362,1,-0.188033583743451,-0.787386298,-0.9534313486890682
-0.5775389165885948,-0.3493562845268173,-0.0785271959254359,0.1359625251670708,2.810348082022347,4.411534912463886,1.921928094887362,2,0.0514935752603647,-0.338295281,-0.4992149398836618
1.1935284524480057,-2.20575786758723,-0.3432487441122136,0.0871889307343987,4.332040769719171,4.100066535983523,2.321928094887362,2,-0.1034597370643929,-0.465376616,-0.5376493587621746
0.9751235361253786,-0.1602184234816327,-0.3375864150878105,-0.2947881095604077,3.412408073,4.685835996619544,2.321928094887362,1,0.0318002141795552,-0.38092196,-0.7405265407036805
0.7507616101888555,-2.155087662653217,-0.7007449749692085,0.2284601773076497,3.794261262128892,2.7923956639522953,1.921928094887362,1,-0.0159862488097033,-0.426662028,-0.2847568823837154
2.0820406417732538,0.1100975039275049,-0.3395769175134181,1.0488653944628172,4.097335,3.5741794519744543,1.921928094887362,1,-0.07968407943009,-0.811157227,-0.41751300771039496
0.7507616101888555,-0.4742177951530777,-0.938291073247956,-0.1213461692786163,3.645942581291861,4.468495396371619,2.321928094887362,1,0.0041314589842488,-0.668979108,-0.8191877716753851
0.9721450313184304,-1.7536130157574563,-0.5365648880650213,1.3567088779575878,4.126254845825993,4.138130483736394,2.321928094887362,2,-0.0914104081071738,-0.608594298,-0.5337499216690957
1.1935284524480057,-1.498670130701208,1.278602965871726,0.9163187003181388,3.161065861875436,4.336214167316365,2.321928094887362,2,0.0607541103823844,0.1679668426513672,-0.1713281946727217
0.3079947679297053,-0.0725531045784383,-0.4194562526620159,-0.2861667538636875,4.586520766423903,4.713593458726138,2.321928094887362,1,-0.1171127003851926,-0.990088701,-0.8303101824099091
-1.0203057588477449,2.7561421852617265,0.0343338081121671,1.240619620680901,4.714588083445808,4.755956608875235,1.921928094887362,2,-0.0785740666501776,-1.375545382,-0.7521043438522425
0.3079947679297053,0.3183055737831177,-0.4619959163143624,-0.7799931046245082,4.986790144394278,4.414810301050714,2.321928094887362,1,-0.0744666286757126,-1.216233969,-0.8639923696635888
-0.1347720743294447,1.331119000999616,-0.1866809470433267,-0.5462717210699524,5.597121007620586,4.142785861346201,2.321928094887362,2,-0.172517182706497,0.1430016756057739,-0.8468974311599409
1.4178903783845287,-0.635793313409734,0.8611635043076146,0.0187903321142928,2.973075379520047,3.2984523212115233,1.921928094887362,1,0.0233687009404147,0.1703054308891296,-0.09025981372634606
-0.1347720743294447,0.0305653296236961,-0.6639809502230831,-1.673717312681957,4.690121447501861,4.1893648281134395,2.321928094887362,1,-0.1385568491304271,-0.80555886,-0.8992349985206769
0.7507616101888555,-1.4113646214188436,-1.2745187155286646,-1.333306089449593,3.360020003890622,3.8864319829630185,2.321928094887362,1,0.0517016176243418,-0.962236285,-0.7988992553492582
0.3079947679297053,-0.4392184480069127,0.7090469454147633,-0.3064654231824264,3.450196634,4.41124021395597,2.321928094887362,1,0.0269578172745418,-0.817968845,-0.4688758363844758
0.0866113468001303,-0.2033216661461571,-0.276449524301915,0.7803249115798971,4.934793021554251,4.615427177747595,2.321928094887362,2,-0.1044989826503367,-0.709605277,-0.7333007383237663
-1.0203057588477449,-0.9627408554720596,0.6797946795650036,-0.2310187330544301,2.069985392528103,4.9002806373167385,1.921928094887362,1,-0.0158579688757352,-0.212913215,-0.36957730944993444
0.3079947679297053,-0.8118954951036536,-0.5622880344381578,-0.4402287912548023,4.151572708341607,4.391237372533456,2.321928094887362,1,-0.1219598469487242,-0.800010741,-0.7535009156558162
-0.3561554954590197,1.6193075637274454,-0.0338212086401586,-0.0548692586951682,6.211487424454824,4.344205645890686,2.321928094887362,2,-0.2003049679255825,-0.893149257,-0.8662010239919626
0.0866113468001303,0.6060236549771897,0.2842527355659315,0.342331992877059,2.614053436878379,3.975496461174515,1.921928094887362,2,0.0466386944461944,-0.446670115,-0.3826731029144579
-0.5775389165885948,-0.4153398050852714,-0.9906890990842844,-0.515959552357494,2.935286818630647,4.589474815114263,2.321928094887362,1,0.0114101189998036,-0.886027515,-0.8641950796488945
0.3079947679297053,-1.099826567839024,0.1558716427916836,-0.4881466064723285,2.904617998864195,4.099615483415863,2.321928094887362,1,-0.0052297752085167,-0.43391192,-0.48306901791999457
-0.5775389165885948,-1.146017160466717,-1.0912544304881309,-1.0056237236290675,2.796984120464366,4.7556750618052614,2.321928094887362,2,0.0329563557102544,-1.040053844,-0.8879529719145389
0.5293781890592804,-0.9866682238124886,-0.6292296409660272,1.7893645990504066,4.771553377584031,4.590236488196429,2.321928094887362,1,-0.1023962011970983,-0.610804558,-0.6829304297495934
-0.1347720743294447,-1.3628739007543362,-0.3623497903892355,0.5831478464812754,2.738992173486679,3.832762694995,1.921928094887362,1,0.0250455347901226,-0.048263013,-0.36999838629465587
-0.3561554954590197,1.9308742524592353,-1.2130658036693325,0.4821078990214569,5.876221911591415,5.074871110252031,2.321928094887362,1,-0.1952973304118616,-1.178609729,-1.205732580597729
-1.0203057588477449,0.9845563182950372,-0.9696305820607208,-0.7152057269373818,3.317140007,5.182413492756906,2.321928094887362,1,-0.0341573954675228,-1.030753136,-1.0756437583984768
0.3079947679297053,-0.9698756602375748,0.4579485546471994,0.7202659375449337,3.143092490863535,4.4535138834414,2.321928094887362,1,0.0610869285290028,-0.298293233,-0.42242056166937525
-0.1347720743294447,-0.7647926397828863,-0.4039002057459389,-0.1037455847744348,3.264961995744159,4.7516022638483495,2.321928094887362,1,-0.0298514085866375,-0.525189281,-0.7261955273514151
-0.1347720743294447,-0.8396999451552009,0.2567326784523168,-0.2399657123092717,3.509318086358366,4.689931703018549,2.321928094887362,1,-0.03841927962868,-0.791073322,-0.5894830507340147
-1.0203057588477449,0.1413071794305,-0.9341715357248151,0.8586266002385828,2.570587743097289,5.095460521888412,2.321928094887362,1,0.0358506974179322,-0.820393503,-0.8765913637410545
0.7507616101888555,0.6408313194130836,-0.2885614626530158,-0.2187090606355477,5.224612212,4.189804483318914,2.321928094887362,1,-0.1420011909320676,-1.035730124,-0.7833996051474528
0.9721450313184304,-2.145590317566348,0.4672117517240784,0.5508845951363531,3.155157002264916,2.1797420075392817,1.370950594454669,1,0.0598410851513142,0.2447139620780945,0.2524776268395862
-0.5775389165885948,-0.8159378759450371,0.3654993405684902,0.2262216004349228,2.893894133472422,4.355247426011957,1.921928094887362,1,0.0545036001614044,-0.46273917,-0.3646823008366013
0.0866113468001303,0.1393174173677514,0.434459118835638,0.0606257588960708,5.089240191820842,4.717142258717066,2.321928094887362,2,-0.1219911054726728,-0.432797492,-0.6674005109404313
1.6362952947071556,-0.0461779103678636,-0.3797062681914682,-0.4098429532253433,3.950798984808895,3.684311727086663,2.321928094887362,1,0.0400298243978909,-0.6127038,-0.6211959060071552
-0.5775389165885948,-1.0190004925374645,-0.5181652159159413,-0.617067392592566,3.069985392528104,5.0388840077034684,2.321928094887362,1,0.0181259395829683,-0.951763034,-0.8072863809535827
0.9721450313184304,-0.8954915170968457,1.3570722974142142,1.2033584059729208,3.991671868011706,2.4999802085440543,1.370950594454669,1,0.0173563475227776,0.9149287939071656,0.31455406696757515
0.0866113468001303,1.8745914469609355,2.6848895523613248,0.8855553761112539,2.371015388192085,4.2602694407616175,1.921928094887362,1,0.0528679689124596,-0.048103631,0.04902537566873211
0.3079947679297053,0.9049923016355932,-0.7671456591312033,-0.8921530622995869,3.024227901967429,4.54883207160056,2.321928094887362,1,-0.0142900485156563,-0.729090571,-0.9053271652556423
0.0866113468001303,0.2156419629868603,1.594033733782705,-0.1381278006230167,4.043882589963898,3.9228647353237496,1.921928094887362,1,-0.0035149866360036,-0.452229381,-0.16200080322757876
0.7507616101888555,-0.3970269701400949,0.6450710995466807,1.553130920692917,5.517969864618105,4.134658154244471,2.321928094887362,1,-0.1090715742370993,0.5024957656860352,-0.4202549598417432
-0.3561554954590197,-2.0561481817937124,-1.1011468098567387,-1.2285022515771955,4.771841085,4.738370545476899,2.321928094887362,1,-0.0641109509121922,-0.878932655,-0.9285154932012676
-0.3561554954590197,2.1838123286615807,-1.4321871849697068,-0.720088146340247,5.815762610417863,5.0734471223903705,2.321928094887362,2,-0.1795408065279686,-1.352515936,-1.3353402011447026
-0.3561554954590197,1.8696849939957376,-0.0606854427431444,-0.305781398006808,5.017010443563597,4.487226515880363,2.321928094887362,2,-0.0509620047132876,-0.832878411,-0.870879396817225
1.1965069572549538,-1.4599605858868838,0.6624405643140626,0.2092269813207225,2.768955396864123,4.6959277808258015,2.321928094887362,1,0.0684147800547822,-0.399069011,-0.38504685773047836
-0.3561554954590197,1.8812934610179772,0.6117794920141547,0.0601660219115241,3.827128262,4.955633234906131,2.321928094887362,2,-0.0292514809806963,-0.958182752,-0.7261815751099913
-0.3561554954590197,-1.6361864146144762,-1.081947930647768,-1.2804452676942852,3.194924129136404,4.082170720159765,2.321928094887362,1,-0.0077431949366359,-0.655155838,-0.7805297452333431
-1.0203057588477449,-1.4397192936389205,-1.7222114822595993,-0.2553602587509442,2.935286818630647,5.237984248860853,2.321928094887362,1,-0.0207957561874993,-0.826552749,-1.0491054689713812
0.7507616101888555,-0.3365791667999211,1.1483145681488705,0.4632846780137329,3.117908944845286,2.9523063402691405,1.921928094887362,1,0.0188909022998689,-0.227373242,0.015497663028872566
-1.0203057588477449,2.769721250592873,-0.3150096129787554,-0.8614704668010563,1.893894133472422,5.584134237341597,2.321928094887362,2,0.0241159280143371,-0.976255417,-1.0550163881629013
0.9721450313184304,0.7899012592087797,0.6059409304474509,1.0640147567971232,3.668411099200972,3.7086022841124966,2.321928094887362,1,-0.0241494611479942,-0.62697655,-0.37859205400678725
0.7537401149958036,0.1004068957082422,1.5193408866124145,1.2870130831484203,2.291834142,4.1854668141996285,1.921928094887362,1,0.0752444712319017,-0.234896302,-0.04006074174248375
0.5323566938662285,1.3328175645526887,-0.9277002376371892,-0.1247583351904009,4.241224148789373,5.644359801526668,2.321928094887362,2,-0.04637178081402,-1.347256422,-1.144223204934824
-1.0203057588477449,0.7918458520467497,-0.7854127835217423,-0.953933622542946,2.935286818630647,5.4202406488401875,2.321928094887362,1,0.048907465768038,-1.295145631,-1.0579586672031969
-0.3561554954590197,1.7801968346558823,-1.016370669823433,0.339297645408907,3.166895406,4.822237807015517,2.321928094887362,1,0.0587265863784244,-1.286855221,-1.0013074380552607
-0.3561554954590197,-1.1647245595375149,-0.4759796671145815,-0.0958735711229286,4.353286621231653,5.1477867155994765,2.321928094887362,1,-0.0339994892703416,-0.753608406,-0.8301451582246142
0.0866113468001303,1.243631001382226,0.0756897139273749,0.4107854983140029,2.904617998864195,4.762051737103092,2.321928094887362,1,-0.0393077848056565,-0.759346366,-0.7019884435844957
-0.5775389165885948,0.7264737114999116,-0.1358165605622223,0.4865879711452219,1.768955396864122,4.28040969755244,1.921928094887362,2,0.0066113752600724,-0.389431179,-0.4914235579534293
-0.3561554954590197,2.0138447519706544,-0.2132430027105629,-1.5492027433343836,3.360020003890622,4.8489982906684475,2.321928094887362,2,-0.0181455974318992,-0.980504453,-0.9667418251470167
-0.5775389165885948,0.8194255653385318,-0.7428769006761746,-0.0909549901971179,3.143092490863535,5.30064965328151,2.321928094887362,1,-0.0019586619097218,-0.954036832,-0.9844158303000139
0.3079947679297053,0.9636089454221792,1.5695451292097478,1.6552915477654235,2.723197906303447,4.932378196115209,2.321928094887362,2,0.093646914970186,-0.494322062,-0.3077397384540711
-0.3561554954590197,-1.3563616427635463,-0.6105000328508887,1.3108947718435096,3.867021987072121,4.6376130823959265,2.321928094887362,1,-0.0426520809021119,-0.75950563,-0.663724480213012
0.5293781890592804,-0.3591087841849308,-0.5600878817480892,0.8109619393011804,2.592864137808441,4.270446880332611,2.321928094887362,1,0.0557302389750928,-0.396431625,-0.6165512507070844
-0.3561554954590197,0.3033252972248191,-0.9044867616797866,-0.8338576657527644,3.498660018176309,5.1327973650389405,2.321928094887362,2,0.0096807365175058,-1.142831326,-1.0160983001493247
1.8606572206436789,-0.4373030776543155,1.2167973448802414,1.0394628294429122,2.810348082022347,4.274975368018303,2.321928094887362,1,-0.0090402594110689,-0.202403247,-0.208577955708187
-0.1347720743294447,0.2476600992735532,-0.3802007636008524,0.3415174269793039,5.184540779950126,4.626681695599469,2.321928094887362,1,-0.1219423909098303,-1.090955734,-0.8256500423599447
-0.1347720743294447,1.8427098767105348,-1.2889439452562554,-1.4018680896618176,4.871846254673884,4.589999741913871,2.321928094887362,1,-0.1793286777221163,-1.431944013,-1.2016216762098162
0.0866113468001303,0.8801278448699766,-0.6786532742962782,-0.2494810163409922,2.823313059186715,4.40038297065855,2.321928094887362,1,0.100546278646027,-0.984828115,-0.8187062862457859
-0.3561554954590197,-1.917445037390548,0.1584030553243141,0.9937664211180416,4.646710564660694,3.841395123599914,1.921928094887362,1,-0.1402993249750215,-0.479563177,-0.29041954909364864
0.0866113468001303,1.0131289888928647,-0.5436133279635552,0.6403219951066558,4.143703742874226,4.136971387508561,1.921928094887362,1,-0.1010394773201761,-1.041028738,-0.6619263780787799
-0.5775389165885948,0.22544349833278,-0.9102553412992466,0.8008612733315612,4.288783390639841,5.217481020233873,2.321928094887362,1,-0.0848717537884643,-1.012735486,-0.9696279580498427
-0.1347720743294447,-0.0559568131344422,0.6699290766254931,-0.2372061295783942,2.768955396864123,4.849742438507374,2.321928094887362,1,-0.0027739030710499,-0.698860347,-0.5418618547011208
0.5323566938662285,-0.2009499611997004,-0.4366693328707309,0.555867871407951,2.570587743097289,5.20548842705681,2.321928094887362,1,-0.0703198387875578,-0.774742067,-0.7597810506669427
-0.1347720743294447,1.619747712420455,1.269536991095162,-0.3728986273534317,2.871617739,5.0136843778491045,2.321928094887362,1,0.0631665730738932,-0.503483415,-0.5569787847095298
-0.5775389165885948,0.1187286104242155,-0.8794454673778501,0.2095929708363275,4.085624526835279,4.077405464228936,1.921928094887362,1,-0.0287501639439159,-0.915507078,-0.700786201887757
0.9721450313184304,1.006511308550479,-0.0469519813281722,-0.4218306247988317,3.855315228,3.817175507982084,1.921928094887362,2,-0.0160623834547539,-0.558330357,-0.5406020097955758
0.0866113468001303,-0.6863220826568288,-1.066911047842788,0.1156499763147824,4.221253067858752,4.4889814118154785,2.321928094887362,1,-0.0559360878253635,-0.607817948,-0.8587867637728503
-0.1347720743294447,0.0631601009766094,-0.8507716553063521,-0.1623196080204161,4.770256329884541,4.567503054008372,2.321928094887362,1,-0.0886392306434971,-0.815406382,-0.9160884736466652
-0.5775389165885948,1.1159529593506972,0.1044874943343544,-0.5424241007600992,3.534872190830754,5.437148490216793,2.321928094887362,1,-0.0325940573973557,-0.744511664,-0.8869595827981518
0.3079947679297053,0.3151396509803533,0.8294073692590123,0.6482928182279873,3.801036664475563,5.089699339597017,2.321928094887362,2,0.0095261514992275,-0.793711782,-0.5567386237669887
-0.5775389165885948,-0.8341033517432203,-1.38959119248821,-0.8046968008833542,4.871732011747564,4.572339111349789,2.321928094887362,1,-0.0945810055739953,-0.874179482,-1.024311053479049
-0.5775389165885948,0.6057284003932135,0.5815898466170613,-0.3264628015379612,2.194924129136403,4.465881783184004,1.921928094887362,1,0.0152068428260321,-0.466938853,-0.42571913802205485
0.7507616101888555,-0.9107918215020772,-0.1248233642944049,0.4360284672265743,3.136932182158717,4.2357381764456274,2.321928094887362,1,-0.0400717895142758,-0.3816728,-0.5262450828451443
-1.0203057588477449,2.339099968937757,0.6448554983285901,0.0404215617935715,2.810348082022347,4.4548666033178,1.921928094887362,2,0.0616204320616934,0.072967649,-0.5324642788446182
-0.1347720743294447,0.161019977555458,-0.7000202860893027,-0.4897300242584846,3.221253067858753,4.635047676973334,2.321928094887362,1,0.0436435289417778,-0.565853596,-0.8499332085497316
-0.7989223377181699,0.3675056174046572,-0.7977210776998318,-0.2851472735923837,3.611980428255514,4.415615201993415,1.921928094887362,1,-0.0462954916103588,-0.741172731,-0.7625317317936433
-0.3561554954590197,0.9426433474029252,-0.3893983957865289,-1.2061434865504002,5.343411101,4.83695394314813,2.321928094887362,1,-0.141760985859424,-0.744876266,-1.0044619636934096
-0.1347720743294447,-2.299710942647776,-0.5284269073823038,-0.5148389227532449,2.291834142,3.971157626327547,2.321928094887362,1,0.0083996913453169,-0.525462627,-0.5147426226771072
0.5293781890592804,0.2642593034750601,1.3601315403151153,-0.5406689719430298,4.597615293399442,5.088037863242126,2.321928094887362,1,-0.0575839350493082,-0.066442311,-0.5412464705777441
-0.1347720743294447,0.7652607937371022,0.8819601955149956,-0.8124101222645342,2.653561978162053,4.558198382388313,2.321928094887362,1,0.0480370796609621,-0.592187285,-0.5308187319466027
-0.5775389165885948,-0.3670494346431832,-0.9080623425231108,-1.150856054271289,4.396662545798115,5.0439135000682,2.321928094887362,1,-0.0711564722463959,-0.856032431,-1.0230187980390069
0.0866113468001303,-0.8296460922506163,-0.4104969721223988,0.1639926998519577,4.199245502919046,4.128402962533404,2.321928094887362,1,-0.0068075573958297,-0.940476954,-0.6493442751145554
0.5293781890592804,-0.5687293300007921,-0.9027553733080288,0.8650513569292634,4.461508576203267,4.330329768071137,2.321928094887362,1,-0.0899816609679746,-0.741874337,-0.7668473211637398
-0.5775389165885948,-0.6138157050617954,-0.2740730022265568,-0.1309704465839326,3.016110011745249,4.907758801741991,2.321928094887362,1,0.0662595938223592,-0.497308671,-0.7294332877600016
0.7507616101888555,-1.1731878362319297,0.4787529159084573,0.0323123310008421,2.437962177822698,4.394500267584293,2.321928094887362,1,0.0680699646602094,-0.81804359,-0.3974929055027819
1.1935284524480057,-1.2608635905097336,0.4221504039842407,-0.3331702931386741,4.114655787447564,3.678567201086851,2.321928094887362,1,0.0684129817793689,-0.146605492,-0.3821849409213346
-0.1347720743294447,0.5270873682873335,-0.774989751198133,-0.3982673572450196,2.672045383856066,4.9995295969669815,2.321928094887362,2,0.028554478295216,-0.975618601,-0.9158487478149782
0.7507616101888555,-0.2632911308624954,-0.4895370673211747,0.3616395195067891,2.333226827302685,4.315799957886043,2.321928094887362,1,0.0421718701902131,-0.844860315,-0.625605133885128
0.5293781890592804,1.111769773934416,0.6956648484531449,-1.2385220028043609,3.803717503123334,4.58810977736372,2.321928094887362,2,0.0010570415009133,-1.343419194,-0.6633974278247953
-0.1347720743294447,1.26113406450432,0.4757760786242616,0.068551157265647,2.738992173486679,5.037433621317484,2.321928094887362,1,0.0601219943802885,-0.724503577,-0.67630911001905
-0.1347720743294447,-0.7131609578856226,-1.1659131509859997,-1.226867446463438,2.614053436878379,4.375556571475299,2.321928094887362,1,0.0217667182204834,-0.639760256,-0.8696618980702056
-0.7989223377181699,0.4921919529367694,1.060348162037505,0.89499954692964,2.706807490115278,4.083701564360664,1.921928094887362,1,0.0816974741510678,-0.248691559,-0.21202519181464247
-0.1347720743294447,1.6619863000850497,-0.8365601007405024,0.6251703961327266,5.296842962816827,4.553561038063912,1.921928094887362,2,-0.1508324146813653,-0.559554636,-0.8864239292336986
-0.3561554954590197,2.7105063019215794,-0.7016107516071419,0.0532540412205254,6.637707562972593,4.480810376329481,1.921928094887362,1,-0.2052344765435133,-1.297270417,-1.0089196203831161
-0.5775389165885948,2.1315704513671743,-0.0392677884373554,-0.074879709026344,1.893894133472422,4.924198884981134,2.321928094887362,2,0.0461317327435338,-0.896189153,-0.8005534827501313
0.0866113468001303,1.558190217537258,1.319097155009882,0.0739234695915447,4.818431851247912,4.297506117263395,1.921928094887362,1,-0.1191739471906985,-0.522202671,-0.3860951389841044
0.3079947679297053,-0.391292949967603,-0.8091626609700344,-0.9043000374607651,2.653561978162053,4.227321299967702,2.321928094887362,1,0.0309521265346788,-0.850408435,-0.7667546165260594
0.0866113468001303,-0.7068587362661428,3.5096656399031296,1.135105324424004,3.644016660255823,4.14892869033999,1.921928094887362,1,0.0345835213646614,0.3081164360046387,0.36221372161717724
-0.3561554954590197,-0.7661677272177527,-0.7079763604099165,-0.7243070009940829,4.110060035758416,4.568073079827502,2.321928094887362,1,-0.018108208164667,-1.163486242,-0.8398786037437508
-0.5775389165885948,0.4256468734876316,-0.6339769353821074,-1.0603708364473874,2.634256822966666,5.086329420341659,2.321928094887362,2,0.0694625694154614,-0.954673767,-0.9363613871419734
1.6392737995141038,-1.22540795179349,1.966059764783357,1.2071709083602806,5.172704874676883,4.487967183139287,2.321928094887362,1,-0.142318848729094,-0.461603582,-0.13189163574657448
-1.0203057588477449,2.482120679864657,-0.5154115620056189,-0.4057593588218778,3.511942230184515,5.592394424113624,2.321928094887362,1,-0.0305352271101184,-1.291637778,-1.127354163391248
-0.5775389165885948,1.0327654820090382,-0.6819384840713586,0.8304868409627384,5.083103623054729,5.212748934059592,2.321928094887362,2,-0.0939367971747007,-1.426590085,-1.004757216442076
-1.0203057588477449,0.3993439933995927,-0.9793070357667524,-0.9987954798351742,3.269557747433308,4.627546074992297,1.921928094887362,1,0.0158127950416728,-0.948647141,-0.8658576634965424
-0.3561554954590197,1.3582576867222993,0.5144708215045881,-0.7073333310112255,3.040022169150661,4.663402190711625,2.321928094887362,1,-0.0061358618426882,-1.050200105,-0.677716159868941
-0.3561554954590197,-0.5492432960081283,0.1064564730446377,-1.033066861045355,3.402423852443709,4.3362114368577656,2.321928094887362,1,0.0103832972990003,-0.500219524,-0.6292817841420572
2.303424062902829,-0.010977130851617,1.960708772424022,1.2320875821824848,1.893894133472422,3.5899949653154835,1.921928094887362,1,0.1028240428996277,0.7846522331237793,0.19257133942844618
-0.1347720743294447,-1.538799194394956,-0.5745686341144204,0.9016377166733798,3.642082160478623,4.864120966038396,2.321928094887362,1,-0.0368438021281467,-0.927355289,-0.6902065515306797
-0.3561554954590197,-0.5553943684243313,0.0781521515199337,0.5336393578456922,4.725923780562351,5.1095061443777,2.321928094887362,1,-0.0754498641012184,-0.393460333,-0.7241462999111618
0.3079947679297053,-0.6506202206462999,0.6803451441480168,1.0428206068381731,2.999404318242396,4.131722776363337,1.921928094887362,1,0.0537574821579968,-0.187644422,-0.21668479138227842
-1.0203057588477449,-0.2010419274984159,-0.8693309057764905,-0.0413238379951066,3.482165840314751,4.986527335591063,2.321928094887362,1,-0.0410685522912142,-1.070572972,-0.917439585194457
0.0866113468001303,-0.1545058147151912,0.8954530312648259,0.2199474626183177,2.999404318242396,3.712914299437109,1.921928094887362,1,0.0217851376789271,-0.444694996,-0.18764152272505674
1.8606572206436789,-0.9192200335427508,0.6221734839117964,1.1065924162243206,3.236316814294629,3.3757929703213443,1.921928094887362,1,-0.0018230204912798,0.1912604570388794,-0.07755477040589354
1.1965069572549538,-0.3813369582950552,1.9433366175092224,-0.0017159237073223,3.200319161,4.439282866420176,1.921928094887362,1,0.0077934347134406,0.041209817,-0.06764291792278776
-0.1347720743294447,1.216407912605254,-0.1544194172854178,1.599948723171332,3.757216993592878,3.4910169874038637,1.921928094887362,2,-0.0837338643820656,-0.581325114,-0.42094977340424766
0.7507616101888555,-1.3301160197519837,-0.7068674624701301,-0.0680680669037658,4.891062004918256,4.265523843045515,2.321928094887362,2,-0.1435449895548292,-1.025090814,-0.7371227261910066
0.0866113468001303,0.0380311165396922,0.613471193842211,0.5928678788524405,4.500812659420713,4.677098400852035,2.321928094887362,1,-0.0483684388944165,-0.293321371,-0.5591603352894227
-0.7989223377181699,-0.7688296369414052,-0.2534100307327087,-1.0030071320721623,3.846928590722779,4.685737029152275,2.321928094887362,1,-0.0338451842953122,-0.933942854,-0.7719728966329791
-0.5775389165885948,1.7883546632580325,-0.5833384622777147,-0.7369154814875571,4.068535326132871,4.677104957718514,2.321928094887362,2,-0.071318929668204,-0.965108752,-0.9929503962884756
0.3079947679297053,0.3013079569019859,-0.3625438008511524,-0.3346308081092417,3.917146593106134,4.283240922443279,2.321928094887362,1,-0.0787627547355032,-0.875517845,-0.7471944122268924
-0.7989223377181699,1.396624307994034,0.089408094310349,-0.0747034214926871,2.672045383856066,4.673836155627012,2.321928094887362,2,0.0697738699828118,-0.543571591,-0.7261342522674733
2.0820406417732538,-1.414674327943016,1.4059763965896246,1.369490841036345,3.178324867316942,4.515405601009395,2.321928094887362,1,0.063040366608552,0.018868804,-0.13824951864031343
-0.1347720743294447,0.8627416788500023,1.2516522322661907,0.1799119178731193,2.547106647247766,4.721963410465483,2.321928094887362,1,0.0695012089550718,-0.372376025,-0.42104348306700456
-0.7989223377181699,0.9468202484600384,0.0512333888242459,1.4846237412803052,1.768955396864122,5.0759886712671705,2.321928094887362,2,0.0570704199820383,-0.738963604,-0.6376803385314668
0.0866113468001303,1.8246719857232656,-1.03302384840076,0.1793009834993038,3.785988736162903,4.3561427255291445,2.321928094887362,1,-0.0319166763528839,-1.014307737,-0.9652861850121872
-0.3561554954590197,-0.5732019640196846,0.4008617109245651,-0.2830554036234072,3.626287893295391,4.0379164871590625,1.921928094887362,1,-0.0075636263855395,-0.326173782,-0.381954571882783
1.6392737995141038,1.5123880708913808,0.6863295335042091,-0.0987249969493306,3.607804487601378,4.9466707272530295,2.321928094887362,1,0.0036664709149235,-0.406941414,-0.6546140283366683
-1.0203057588477449,-0.1728681553927031,-0.8325497862736243,-0.9818609327621916,3.055262135707397,4.9688182776003496,2.321928094887362,1,-0.0371389999069941,-0.746085167,-0.9440021328060411
-0.5775389165885948,0.1301835051717965,0.0068620865592467,0.0026881924513813,3.928322038497825,4.020202436508772,1.921928094887362,1,-0.0520946281794201,-0.706618726,-0.5079889598995515
0.0866113468001303,1.0226439016979956,0.200024957511955,0.1862629122297496,4.149166638575728,4.8090577535272985,2.321928094887362,1,-0.0729087733373811,-0.582639515,-0.7378224299583263
-1.0203057588477449,2.6459963267469204,-0.8411021283039807,-1.5042588744841947,4.253255236210908,5.7126363088144405,2.321928094887362,2,-0.0777894333206446,-1.223962307,-1.3231564602997583
-0.1347720743294447,-0.424458852689088,0.3438400713292473,-0.0713837632088437,2.467925401200141,3.9218645859516905,1.921928094887362,1,0.0191666983070615,-0.251678228,-0.3176567725691831
-0.5775389165885948,-0.2513348979987926,-1.3465480611949072,-0.4787353067303699,3.476525572962059,4.1604674474803485,2.321928094887362,1,-0.049540570173891,-0.859420717,-0.9058085585158042
0.5293781890592804,-0.9665290331359808,0.1240603746665138,-0.7767634780798247,3.313023441214398,2.642939104620918,1.521928094887362,1,-0.0275627088326056,-0.060111165,-0.09699668509847248
-0.1347720743294447,-0.853566295389771,-0.82674352378481,-0.114615348881443,4.010335831011734,4.290585246150569,2.321928094887362,1,-0.0998584340356589,-0.735650122,-0.7732256217840926
0.0866113468001303,-2.9235720835642462,-0.1501435440167057,0.6025866283739986,3.130683232881715,4.469953415896703,2.321928094887362,2,0.0081508586942723,-0.483888149,-0.44194772016842
-0.5775389165885948,1.4189356931513275,2.6287431750565373,0.2113251031231433,2.136932182158717,5.135350638821147,2.321928094887362,1,0.0983350263457152,-0.145326436,-0.21250264388403722
-0.1347720743294447,-2.1455078269655043,-0.4979304651809528,0.1314410434853687,5.936951708951002,4.334274837437508,2.321928094887362,1,-0.1620934965034896,-0.541552782,-0.7008723319824818
-0.7989223377181699,1.085134332132626,0.9335496671250884,-0.7839048519713967,3.016110011745249,5.189672268315718,2.321928094887362,1,0.0482282401514917,-1.007604241,-0.6631922045759578
-1.0203057588477449,0.2824626082296523,-0.550452642061689,0.9583345658530564,3.255621969490015,5.1615685066762795,1.921928094887362,2,0.0525543961374755,-1.038078785,-0.7358885511980329
1.6392737995141038,0.3910687743136483,-0.7386914827750215,-0.0373441548643522,2.614053436878379,4.360828518122743,2.321928094887362,1,0.0240132712858567,-0.730662882,-0.7492584316514682
-0.1347720743294447,0.990521808931432,0.5117652941526041,0.442530133672333,3.511942230184515,5.039322294313064,2.321928094887362,1,-0.0368313425368839,-0.824503005,-0.6649332781558173
-0.7989223377181699,-0.8153983804246403,-0.8586179971458594,-0.4196659962942589,2.768955396864123,3.842044042380467,1.921928094887362,2,0.0104076717620162,-0.437833965,-0.5816583466994227
-0.7989223377181699,1.2938295606017092,0.6089664857082365,0.1267979418376894,4.115308371314761,4.405539158007055,1.921928094887362,2,-0.0207574656440986,-0.030358136,-0.5170373660468042
0.5293781890592804,-2.329638822337514,-0.7232348538781653,-0.255015261375296,3.047708997816951,3.6847893068548903,1.921928094887362,1,0.0666457222421816,-0.705981851,-0.41576279660236837
-0.7989223377181699,-2.065891955409018,-0.689524886514938,-0.0452293335085479,3.888431238,5.295998634503953,2.321928094887362,1,0.0475932629236484,-1.258730292,-0.8252500187293523
-0.3561554954590197,0.6000724186626522,0.1790439178439629,-0.4268660529473313,3.210912234520534,4.444263106516033,2.321928094887362,1,-0.0117506741106093,-0.570701122,-0.6590157482421818
-0.7989223377181699,-0.5615903793562103,0.0141386456940272,-1.1794004974827386,2.522283063522734,4.443992336465895,2.321928094887362,1,0.0334858278089152,-0.354429007,-0.6407591862572262
-0.3561554954590197,-0.5087713049106706,-0.717396566448565,1.6394425623826363,4.365918831172704,5.030214794601075,2.321928094887362,1,-0.1092560051077512,-0.739122868,-0.8044428061568241
0.3079947679297053,-2.1466585319941833,-0.4747558817512412,-1.2531308494373288,1.990804146480479,4.38266428659264,2.321928094887362,1,0.0835377297810084,-0.695949614,-0.5996858643362507
0.0866113468001303,2.3185978403603515,0.25165600408922,-0.7822230499986739,3.360020003890622,4.683296997300892,2.321928094887362,1,-0.0019809747874455,-1.051424503,-0.8093282397496376
1.4149118735775803,-2.762518372955683,0.4583398980818782,-1.1354343170712689,2.925302597724047,3.885130149880795,1.921928094887362,1,0.0273101103985832,-0.260165095,-0.1992767143472568
1.6362952947071556,-2.92963257299095,1.1883439078528817,2.020320729762448,3.738992173486679,3.982759226692288,2.321928094887362,1,0.0090836212983014,-0.097378612,-0.0007043427844715122
0.0866113468001303,-0.6434757401040924,-0.621158545603834,-0.1159815878763174,4.795897024823152,4.382599874328221,2.321928094887362,1,-0.1323611189815725,-0.870492339,-0.788828409664376
-0.1347720743294447,-1.1713054687316728,-0.5414189819512246,0.2381873722936642,3.484958740498922,4.181345330223725,1.921928094887362,2,-0.0082075198299211,-0.586509645,-0.528279254421699
-1.0203057588477449,0.004183274080207,0.6857496552747443,0.2752168141359552,3.189461233434901,5.151551100241539,1.921928094887362,2,0.0413127601842674,-0.715320826,-0.4891764361113934
-0.1347720743294447,0.9128908518928764,-1.0301257209707826,-0.4973941121410766,4.227341407969172,5.232848249093622,2.321928094887362,2,-0.0106465011340011,-0.870632052,-1.1067092518805515
0.3079947679297053,1.6546568596102555,-0.6862473219789541,0.0761581447003902,3.264961995744159,4.347700777391845,2.321928094887362,1,-0.0181999645027797,-1.210047841,-0.8583294343674681
-0.5775389165885948,0.1105096391358285,0.3104743822879705,0.054816945365038,3.708474649482741,3.4411743059233215,1.521928094887362,1,-0.0187143835289981,-0.249040842,-0.23572863727195792
0.9721450313184304,-1.03930357934283,-0.5375047854330128,-0.4927389423162112,2.194924129136403,4.270365551376131,2.321928094887362,2,0.0418409678795795,-0.45626986,-0.6200399718279358
-0.3561554954590197,-0.7640902930850842,-0.5617024366096175,1.2250887241731792,2.871617739,4.504629717658555,2.321928094887362,1,-0.0001624985316627,-0.585460126,-0.6299871293578126
0.0866113468001303,-2.032096916284677,-0.178628852813597,-0.4885371646253954,4.467925401200141,4.244298366808394,2.321928094887362,1,-0.1411078768069761,-0.679011405,-0.5922732153612525
-1.0203057588477449,-1.2716232402763148,-0.9884491415213223,0.6528924495057683,3.579635872074686,4.782829325209662,1.921928094887362,1,-0.0685537300167543,-0.858147144,-0.7051183459956211
-0.3561554954590197,1.5014909145610875,-0.1552745939382332,0.0774475669572384,2.136932182158717,4.1849872677772,1.921928094887362,1,0.1174565677906859,-0.444993675,-0.5662949450146677
-0.3561554954590197,1.096892909916124,-1.308781613245705,-0.7904906305890794,3.708474649482741,4.8772333288789955,2.321928094887362,1,-0.0100952888356438,-1.378560901,-1.1194331561833848
-0.1347720743294447,0.1534922561498355,-0.2781151881947459,0.7237406051714923,4.183371599817025,4.717464431657894,2.321928094887362,1,-0.0192299719076813,-0.527463257,-0.7448849109666558
0.3079947679297053,1.5405434796916548,0.3974947568257341,-0.383445200782486,2.333226827302685,4.232286358035443,2.321928094887362,1,0.0680039568546126,-0.653882205,-0.5862063344779733
-1.0203057588477449,1.275640414954125,-0.4827145238849964,-0.2816656928065763,2.738992173486679,4.308316816512197,1.921928094887362,1,0.0045041176199297,-0.835789084,-0.6994095394895056
0.7537401149958036,-0.1914848488425251,-0.032138026558287,1.0399374067508529,3.848136642911747,4.393286105445947,1.921928094887362,1,-0.0656099089477522,-0.065022469,-0.4702233801052945
0.7507616101888555,-1.6931452078442402,-0.5698917781997144,0.5538651756117844,3.084225831642714,4.2638111740076425,2.321928094887362,1,0.0034896738202753,-0.075646222,-0.5674463393112175
-1.0203057588477449,-0.1141539027039975,-0.552468855482084,-0.6511269462699509,3.666582488154564,5.649126489685339,2.321928094887362,1,-0.0489602452495471,-1.011397004,-1.0022369843417875
-0.1347720743294447,-3.2350331464693673,-0.2895437087176347,0.986291267461488,3.899289165359129,4.038885811532867,1.921928094887362,1,-0.0461819094904584,-0.362812996,-0.2977321511177963
1.8606572206436789,-1.0038272111416204,1.6930620821699136,1.2591859184636678,3.476525572962059,3.66764244960826,1.921928094887362,1,-0.0991361705094027,0.1088836789131165,0.10928302661377809
0.0866113468001303,2.2525662153576147,-0.4093030229369004,-0.2085527130933492,2.768955396864123,4.573144973331192,2.321928094887362,2,0.0397635103647106,-0.757269919,-0.869461987148342
-0.3561554954590197,-0.0995891986780015,-1.023840315510211,-0.6818498545109117,2.614053436878379,3.927087837214956,1.921928094887362,0,0.0616385332752907,-0.74314785,-0.6767383607043201
0.9721450313184304,-0.2154475620486792,-1.2465060882671293,-1.2057421430697568,2.069985392528103,3.429987918507527,2.321928094887362,0,0.0617609551526949,-0.746022105,-0.7280420014371772
0.7507616101888555,-0.8068431031361541,1.6278348325974716,-0.4675397228246929,3.395637863100417,3.696841340887173,2.321928094887362,2,0.0724871985144159,0.1239414215087891,-0.1379641816249766
0.3079947679297053,-1.2797465604375178,-0.3546664452735041,0.4637921263980972,4.801708427,3.673486007581719,2.321928094887362,1,-0.0400494306980547,-0.545572102,-0.5444309451602065
0.9721450313184304,0.9759256138913414,-1.1715420367592986,-0.9920107892217862,3.618170003073211,3.876681539778197,2.321928094887362,1,-0.0165670500271315,-0.89304781,-0.9137309656237762
0.0866113468001303,2.7099849443780375,-0.8259873732709275,-0.4696785896526339,3.559005870547474,4.444989953183092,2.321928094887362,1,0.0181426776736264,-1.30372858,-1.0179698085082631
-0.5775389165885948,-0.0248532492456948,0.7092755675829774,-0.7295762096051787,4.563675748680959,4.090275251659389,1.921928094887362,1,-0.06981135345631,-0.692272663,-0.4300471012898137
-0.5775389165885948,-0.2032035525357297,-0.0636157018072417,0.3540805859445191,2.723197906303447,5.277828249827812,2.321928094887362,1,0.0326000331329866,-0.631225586,-0.7266483125673474
-0.3561554954590197,-0.7498995974063978,0.6561750466370433,0.8040471004467482,3.713438069014291,4.971533946405876,2.321928094887362,1,0.0345332768359063,-0.6564942,-0.5055849222408586
-0.5775389165885948,-1.2869257053305647,0.238898218439876,0.7014252572995442,2.246076651583785,4.228180648113685,1.921928094887362,2,0.0263489062127298,0.2348832488059998,-0.2856342384491463
-0.3561554954590197,-0.606965484624034,-0.2133488238909966,0.314569141263444,3.069985392528104,3.652456731635213,1.921928094887362,2,-0.0158398757954691,-0.330172002,-0.39132522718892615
1.1935284524480057,-0.8409570158998584,1.7725998339239168,0.1163145846642639,5.522129756061506,3.5732891020561772,1.921928094887362,1,-0.1194039866048039,-0.89027667,-0.03767462172160996
-1.0203057588477449,0.8365666981115284,-1.2901239748483748,-1.7520003092618073,3.136932182158717,5.52418610859043,2.321928094887362,2,0.0409160568450703,-1.461721539,-1.2403184522605706
-0.3561554954590197,-0.175676225893067,-0.3096696632883886,0.4669963235323582,5.748154617518834,4.375592808585998,1.921928094887362,2,-0.1542933827334676,-0.452668726,-0.6633812598057239
-0.3561554954590197,1.1519391421383791,-0.1454400408577189,-0.2436257844661917,3.581868753506978,5.369662781659405,2.321928094887362,2,-0.0344486038317755,-1.373702884,-0.9135229424484602
-0.5775389165885948,-1.0939653974783086,0.1444580031856458,-0.6378913120059926,4.525591505,5.461234923277069,2.321928094887362,1,-0.0446649059956959,-0.697303176,-0.7934175306010828
-0.1347720743294447,0.1414856269372038,0.3388824857912829,0.4386832279033376,2.495954124800384,3.63069218063882,1.921928094887362,1,0.012024203061754,0.025456309,-0.2804726613282373
0.9751235361253786,0.5134144853152139,0.3923431669082626,-0.1794800185982948,2.291834142,5.297183791170243,2.321928094887362,1,0.0230342441042663,-0.746213496,-0.6651013409281268
0.3079947679297053,0.5775638282304618,2.9583559334641967,-1.3562831374991555,2.495954124800384,3.8872832150394863,2.321928094887362,2,0.0863647075639787,-0.375775456,0.011959618249585025
-0.3561554954590197,1.927680251655905,0.6934810134136533,0.3778370319609019,5.266898138239696,4.36970692529958,1.921928094887362,1,-0.0579012220799879,-0.270037949,-0.5636185553943631
1.6362952947071556,-0.5213185410581603,1.0527469607298257,0.2791958757429047,3.509318086358366,3.827423911878432,2.321928094887362,1,0.0262517353293947,-0.49429667,-0.2475118903373017
0.5293781890592804,-2.629392296391645,-0.2495788349471215,1.3998965711836395,3.504021746548418,3.955469504335253,1.921928094887362,1,-0.0362296444215765,-0.17468214,-0.2623091074276615
-0.1347720743294447,-1.1711182479154307,0.8012015447907683,-0.5996042619697687,2.246076651583785,4.142056898194317,2.321928094887362,1,0.04304693472242,-0.659106135,-0.33083817422392653
-0.3561554954590197,0.2083484775426163,0.7198775723294756,0.6096004197237442,2.547106647247766,4.733979103745271,2.321928094887362,1,0.0152364342117501,-0.087397277,-0.4739563466273894
0.7507616101888555,0.7633845429407571,0.2917870741141649,-0.5599268295844698,4.149769406863889,4.12453989390657,2.321928094887362,1,0.0600555812172872,-0.95326066,-0.6283131997348087
-0.3561554954590197,1.5439556128981673,-1.0437222781963025,-1.5377231916775076,4.351397560045728,5.094132133391969,2.321928094887362,1,-0.0465537844117643,-1.376978397,-1.1969629356743485
-0.3561554954590197,-0.382314059990516,-0.0202988412051508,-0.0512738420820388,4.755279173914888,4.758789651205317,2.321928094887362,1,-0.1324607270042637,-0.797736704,-0.7366187119585966
-0.3561554954590197,0.3140732206116975,-0.6226131930880187,-0.3209502701843018,4.063421623025715,5.059272080543192,2.321928094887362,1,-0.0760101115564586,-0.752384126,-0.9406236581143035
-0.7989223377181699,0.5216099188485912,0.6286854183086851,0.2461899164608628,3.032196831638704,5.211104987139006,2.321928094887362,2,0.0193709984559352,-0.461416304,-0.6372470868713396
0.3079947679297053,0.6904375528084499,-0.1747391130424003,0.6922861963976349,3.399044111792328,4.5205700385977865,2.321928094887362,1,-0.0347722642808339,-0.696222782,-0.6856071426265355
-0.5775389165885948,0.7883220047664974,2.9856207189234114,1.5114604778169056,3.124343054850696,4.307240668028812,1.921928094887362,1,-0.0198673803532191,-0.1457901,0.1666005493564381
0.3079947679297053,-0.3841556756905877,0.3943247156449503,0.8792201226529797,2.860035866211455,4.677895699004403,2.321928094887362,2,0.0936026616831481,-0.531086683,-0.48588666734106617
1.1965069572549538,-0.9198922253640917,0.6640677399131535,0.2859383390340048,4.155157002264916,4.7987688746523425,2.321928094887362,1,-0.029901241539317,-0.065516829,-0.4925191028081852
-0.7989223377181699,0.1755723801963092,-0.6361682441497241,0.6449036488464573,3.269557747433308,4.708652732840808,2.321928094887362,2,-0.0098977140355365,-1.283839822,-0.7950986956212371
-1.0203057588477449,0.4575234837244976,0.1387947495253609,0.4969542418468028,2.653561978162053,4.784659441119497,1.921928094887362,1,0.0901187540113361,-0.674955428,-0.5404022200691821
-0.3561554954590197,0.6183582123658219,-1.3169916554730017,-1.0605278001719587,3.53734681,4.645111399978604,2.321928094887362,1,-0.0671854974305807,-0.680424511,-1.0628910674039593
-0.3561554954590197,-0.0585976213068086,0.5575808902030719,0.6467077751195714,3.954591973826034,4.957668485350435,2.321928094887362,1,-0.072548078717901,-0.535062313,-0.5879040101949838
1.1935284524480057,-1.6866553129163402,-0.1354545039325145,0.833855257453468,4.810348082022347,3.4646876065882095,1.921928094887362,1,-0.0481335505621067,-0.575064421,-0.30198128274167935
0.3079947679297053,1.3921597271427535,0.8881128126485672,-0.0516586236933619,2.437962177822698,4.520804462432443,2.321928094887362,2,0.0481341884886371,-0.443944216,-0.5024382782484166
-0.1347720743294447,0.1437464743430707,-0.3463895517373008,-0.4143712652556873,3.308867481,4.57557525333244,2.321928094887362,1,0.0849130710213481,-0.457179904,-0.763506635084592
-0.3561554954590197,0.3343775324354415,-1.007690830093502,0.2913465768403055,3.470811089437629,4.599651572245413,2.321928094887362,1,-0.0690903302435667,-0.861694515,-0.8903344195181004
-0.7989223377181699,1.3020427699156794,-0.2728558196884494,0.9008553073111948,3.200319161,4.791508441452327,2.321928094887362,2,0.0667935783996222,-0.62740463,-0.7831259817910078
-0.3561554954590197,-0.6925260349613249,-0.1884203267462855,0.264848535837468,5.161417849857884,4.189894108454469,1.921928094887362,2,-0.0829190102338988,-0.471562564,-0.5613727331944505
0.0866113468001303,1.0358377204080604,0.5481658037172386,-0.2246520376014433,4.618374810661022,5.196040485627284,2.321928094887362,1,-0.0442910435554565,-0.583667874,-0.7695405586290527
1.1965069572549538,-2.598538996856354,-1.0812959114361718,0.1937688863572101,5.865934891430907,4.873723658915731,2.321928094887362,1,-0.2082745876261366,-0.810809195,-0.8542444320952024
0.3079947679297053,-2.216516045797524,-0.3952882181334005,-0.4322733799722277,4.225827305975702,4.194761372483904,2.321928094887362,2,-0.1070221302514896,-0.390496254,-0.6017671858804217
-0.5775389165885948,1.5232678900561087,-0.8405264675147592,-0.0607940618825389,3.53238339,5.28504975680134,2.321928094887362,1,-0.052142925440095,-1.062983871,-1.0628212724227992
0.9721450313184304,-1.71637192679481,0.3629999875106159,-0.6210759418123712,3.32121792,4.177382991989884,2.321928094887362,2,0.0430291367195251,-0.522577465,-0.4284976532922648
-0.1347720743294447,1.4534597305685095,-0.951116510723925,0.1722351832981462,4.332040769719171,4.352236511541433,2.321928094887362,1,-0.0559714928607929,-0.979578972,-0.9521685626717714
0.0866113468001303,1.4216511885997307,-0.0350595034111799,0.1713398488900408,3.547106647247766,5.179713568426015,2.321928094887362,1,-0.0490938234111239,-0.978369951,-0.8448120778416692
-0.1347720743294447,-0.6806192188989467,-0.411618405727273,-0.7365366592454693,2.467925401200141,3.8101246634914863,2.321928094887362,1,0.061558094065809,-0.446968913,-0.5871257501371842
-0.1347720743294447,-0.2028670013092337,-0.3332132030156849,-0.7076751309574065,3.062686153786604,4.498580950648129,2.321928094887362,1,0.0125830913311001,-0.778289557,-0.7328651863343885
1.4149118735775803,-1.565875917543449,1.6216191575925665,0.9791234603610376,4.349880372539742,4.383322036940617,2.321928094887362,1,-0.0795641266381779,-0.035007358,-0.14751198885444794
-0.1347720743294447,-0.431719371156409,-1.1054990666907276,-1.0982984278526025,3.084225831642714,4.154113919033536,2.321928094887362,1,-0.0595777038035973,-0.669138372,-0.853529451376522
-0.3561554954590197,-0.4319074930191365,-0.3986781616588332,-0.6365929157779304,3.810348082022347,5.174341811633918,2.321928094887362,2,-0.0187589498816512,-0.744110107,-0.8707859496665205
-0.5775389165885948,-0.6988511700799848,0.7519123869890237,-1.0749226154346725,2.768955396864123,5.231080097575941,2.321928094887362,1,0.1190673221075055,-0.645711124,-0.5988450834788386
-0.1347720743294447,0.0780434441953322,0.8121640533599693,0.9925880625423092,3.588499332405991,4.4068685566220305,2.321928094887362,1,-0.0585732302587059,-0.358703613,-0.4161778484219713
-0.3561554954590197,-1.6498587460781002,-1.0198283734335785,-0.3886000450595078,4.797797660162586,4.200169791877688,2.321928094887362,2,-0.1206336957936517,-1.201241016,-0.8050576926911847
-1.0203057588477449,-0.0014093277083912,0.4129134245784625,-0.9541939292314758,2.935286818630647,4.861555828857011,2.321928094887362,2,0.0255742230676629,-0.284384012,-0.6646979665381221
0.3079947679297053,-0.0026257383741873,0.7878071077504296,0.1260190621711796,4.849341344050118,4.36870312460636,2.321928094887362,1,-0.1060060932408581,-0.216411352,-0.5105910527940565
-0.1347720743294447,0.5680186726316677,0.782109273482436,-0.1964484835547709,4.055262135707397,5.181244371521612,2.321928094887362,1,-0.0574364008417323,-0.557420254,-0.6642465144233392
