date,contest_number,word,number_of_reported_results,number_in_hard_mode,1_try,2_tries,3_tries,4_tries,5_tries,6_tries,7_or_more_tries_x,sum,num_rare_letters,starts_with_vowel,ends_with_vowel,num_consonants,contains_y,has_double_letter,max_consecutive_vowels,max_consecutive_consonants,scrabble_score,letter_entropy,position_rarity,keyboard_distance,hamming_neighbors,has_common_suffix,has_common_prefix,letter_freq_mean,letter_freq_min,positional_freq_mean,positional_freq_min,semantic_neighbors_count,semantic_density,Zipf-value,autoencoder_value,expected_attempts,semantic_difficulty
2022/12/31,560,manly,20380,1899,0,2,17,37,29,12,2,99,1,0,0,4,1,0,1,3,10,2.321928094887362,12.66454525288376,4.376584341056941,6,1,0,0.052924791,0.030640669,0.091364903,0.055710306,0,0.3500349193811417,3.607804487601378,-0.406941414,4.42,0.7266581800932536
2022/12/30,559,molar,21204,1973,0,4,21,38,26,9,1,99,0,0,0,3,0,0,1,1,7,2.321928094887362,17.34317851871932,3.747676196228642,8,0,0,0.066072423,0.030640669,0.081337047,0.025069638,0,0.32927810251712797,2.723197906303447,-0.631225586,4.2,0.8635368086874273
2022/12/29,558,havoc,20001,1919,0,2,16,38,30,12,2,100,1,0,0,3,0,0,1,1,13,2.321928094887362,35.58163547237077,4.967999446909911,0,0,0,0.051030641,0.013927577,0.049582173,0.013927577,1,0.4026756227016449,3.136932182158717,-0.3816728,4.4399999999999995,-0.05303329940786339
2022/12/28,557,impel,20160,1937,0,3,21,40,25,9,1,99,0,1,0,3,0,0,1,2,9,2.321928094887362,28.93667220376523,4.731095446,1,0,0,0.057604457,0.030640669,0.054038997,0.016713092,0,0.3341064453125,1.893894133472422,-0.623626411,4.21,0.8316968139260492
2022/12/27,556,condo,20879,2012,0,2,17,35,29,14,3,100,0,0,1,3,0,0,1,2,8,1.921928094887362,22.20761257071999,4.793786696566837,6,0,0,0.053370474,0.030083565,0.070194986,0.022284123,0,0.4083532214164734,3.626287893295391,-0.326173782,4.51,0.3420843190415425
2022/12/26,555,judge,20011,2043,0,2,8,16,26,33,14,99,1,0,1,3,0,0,1,2,14,2.321928094887362,51.57792438893365,2.339793400779363,7,0,0,0.039777159,0.002228412,0.066852368,0.005571031,4,0.4898119121789932,4.900787841420323,0.5876120924949646,5.52,-1.1994548192872962
2022/12/25,554,extra,15554,1562,1,5,20,35,28,10,1,100,1,1,1,3,0,0,1,3,12,2.321928094887362,37.51671676982021,2.500974228,0,0,0,0.068412256,0.003899721,0.036768802,0.013927577,0,0.4504649847745895,4.771553377584031,-0.610804558,4.199999999999999,0.06438275940911342
2022/12/24,553,poise,20281,1911,2,11,34,32,15,6,1,101,0,0,1,2,0,0,2,1,7,2.321928094887362,10.40859845697985,2.374244023167829,6,0,0,0.06362117,0.035654596,0.1186629526462396,0.061281337,0,0.422457692027092,3.047708997816951,-1.133117557,3.709999999999999,0.24907388266893077
2022/12/23,552,aorta,21937,2112,0,7,26,35,20,10,3,101,0,1,1,2,0,0,2,2,5,1.921928094887362,18.19916588857765,4.546340843479053,3,0,0,0.079665738,0.072423398,0.075208914,0.025069638,0,0.39176540076732635,3.189461233434901,-0.715320826,4.15,0.4514709440089663
2022/12/22,551,excel,20490,2034,0,1,13,34,34,15,2,99,1,1,0,3,0,0,1,2,14,1.921928094887362,34.17921188630491,2.829707626949502,1,0,0,0.062172702,0.003899721,0.050696379,0.013927577,0,0.29671421349048616,2.871617739,-0.231295347,4.59,1.0782759231123977
2022/12/21,550,lunar,22180,2036,0,5,32,40,17,4,0,98,0,0,0,3,0,0,1,1,5,2.321928094887362,17.23590306896305,3.183358282190186,0,0,0,0.062061281,0.035654596,0.066295265,0.036211699,0,0.38542616069316865,3.317140007,-1.030753136,3.82,0.4932743907206963
2022/12/20,549,third,24137,2261,1,10,47,32,9,2,0,101,0,0,0,4,0,0,1,2,9,2.321928094887362,12.26677115987461,2.266123775561495,2,0,0,0.0545961,0.030083565,0.086908078,0.055710306,15,0.6639643490314484,4.871846254673884,-1.431944013,3.4400000000000004,-3.073747932725566
2022/12/19,548,slate,26010,2422,6,14,33,27,13,5,1,99,0,0,1,3,0,0,1,2,5,2.321928094887362,8.429955291734053,5.280776406404415,18,0,0,0.074986072,0.04902507,0.1314763231197771,0.075208914,0,0.3075140744447708,3.511942230184515,-1.291637778,3.4800000000000004,1.0070573848309747
2022/12/18,547,taper,22166,2108,0,8,28,30,20,11,3,100,0,0,0,3,0,0,1,1,7,2.321928094887362,12.73893410852713,5.294622691,18,1,0,0.074763231,0.035654596,0.094707521,0.038997214,0,0.27190124690532685,2.291834142,-0.746213496,4.130000000000001,1.241902401092168
2022/12/17,546,chord,22336,2088,0,7,39,38,13,3,0,100,0,0,0,4,0,0,1,2,11,2.321928094887362,11.85337722048067,3.184692220677464,5,0,0,0.051476323,0.030083565,0.091922006,0.055710306,0,0.3736782640218735,3.264961995744159,-1.210047841,3.66,0.5707446500464799
2022/12/16,545,probe,22853,2160,0,6,24,32,24,11,3,100,0,0,1,3,0,0,1,2,9,2.321928094887362,43.38184131481094,4.575140769936443,6,0,0,0.060835655,0.017270195,0.1030640668523677,0.005571031,0,0.3865151643753052,3.645942581291861,-0.600423157,4.25,0.48609307137286867
2022/12/15,544,rival,22176,2127,0,7,27,35,22,8,1,100,1,0,0,3,0,0,1,1,8,2.321928094887362,22.92761175243643,4.908603403791989,5,0,0,0.059275766,0.013927577,0.055153203,0.022284123,0,0.37715648114681244,3.579635872074686,-0.832878411,4.0200000000000005,0.5478079159059084
2022/12/14,543,usual,20824,2048,0,3,20,39,27,10,1,100,0,1,0,2,0,0,2,1,5,1.921928094887362,34.79708141321045,6.070200389370947,0,0,0,0.054261838,0.035654596,0.052924791,0.011142061,0,0.42492498755455016,4.570587743097289,-0.571114123,4.26,0.23280356384559897
2022/12/13,542,spoke,24101,2224,0,6,31,38,19,5,0,99,1,0,1,3,0,0,1,2,11,2.321928094887362,16.88195023563598,3.893872706066107,12,0,0,0.056155989,0.019498607,0.1091922005571031,0.030640669,3,0.4843214452266693,4.586520766423903,-0.990088701,3.859999999999999,-1.023995962970373
2022/12/12,541,apply,22873,2150,0,5,28,38,22,7,1,101,1,1,0,4,1,1,1,4,12,1.921928094887362,18.67710265924551,3.407969090169723,4,1,0,0.051253482,0.033983287,0.070194986,0.030640669,2,0.4973062962293625,4.097335,-0.811157227,4.03,-0.93009542024638
2022/12/11,540,naive,21947,2075,1,7,24,32,24,11,1,100,1,0,1,2,0,0,2,1,8,2.321928094887362,23.25787983,4.719572814489408,1,0,0,0.062172702,0.013927577,0.1008356545961003,0.016713092,2,0.46619774401187897,3.810348082022347,-0.744110107,4.1,-0.7249533701441944
2022/12/10,539,knock,21157,2041,0,3,18,43,27,8,1,100,2,0,0,4,0,0,1,2,15,1.921928094887362,37.85931011351909,4.316298521723331,3,0,0,0.040334262,0.019498607,0.058495822,0.008356546,0,0.42077561318874357,4.810348082022347,-0.575064421,4.24,0.2601661732686317
2022/12/9,538,braid,23640,2165,0,10,36,35,14,3,0,98,0,0,0,3,0,0,2,2,8,2.321928094887362,13.91204711283579,4.392108240781607,4,0,0,0.053481894,0.017270195,0.079665738,0.055710306,0,0.3534421056509018,2.982030222172974,-1.24134326,3.63,0.7041898513979123
2022/12/8,537,infer,21199,1863,0,3,19,33,26,14,3,98,1,1,0,3,0,0,1,2,8,2.321928094887362,33.07472542505374,1.869677166154769,4,1,0,0.060278552,0.018384401,0.060724234,0.011142061,1,0.3861651837825775,2.768955396864123,-0.399069011,4.450000000000001,0.05584303994298735
2022/12/7,536,joust,24899,2388,0,6,29,34,21,8,2,100,1,0,0,3,0,0,2,2,12,2.321928094887362,44.69663478039438,3.124341287815239,2,0,0,0.046685237,0.002228412,0.083008357,0.005571031,0,0.361522901058197,3.062686153786604,-0.790501118,4.0600000000000005,0.650901902646083
2022/12/6,535,amber,23509,2261,0,6,22,33,24,12,3,100,0,1,0,3,0,0,1,2,9,2.321928094887362,27.22714839424142,2.977797413761102,8,1,0,0.062729805,0.017270195,0.066852368,0.016713092,0,0.2863960713148117,3.967612483818545,-0.566918552,4.289999999999999,1.1463178179703033
2022/12/5,534,woken,23153,2200,0,2,10,25,36,23,4,100,2,0,0,3,0,0,1,1,12,2.321928094887362,32.04238331,4.279696087857467,4,1,0,0.052367688,0.016713092,0.069637883,0.011142061,2,0.3993274122476578,3.178324867316942,0.018868804,4.88,-0.28398405555757944
2022/12/4,533,adore,25577,2398,2,17,32,29,15,5,1,101,0,1,1,2,0,0,1,1,6,2.321928094887362,43.35970942708686,3.520690632574555,4,0,0,0.073983287,0.030083565,0.1013927576601671,0.005571031,0,0.40928889214992525,3.888431238,-1.258730292,3.59,0.3359141375705754
2022/12/3,532,torso,23873,2260,0,4,35,36,17,6,1,99,0,0,1,3,0,0,1,2,5,1.921928094887362,17.18208556149732,4.576783947341316,2,0,0,0.068857939,0.04902507,0.074651811,0.030640669,2,0.47564525306224825,3.269557747433308,-0.948647141,3.91,-0.7872539671440918
2022/12/2,531,chafe,24646,2343,0,6,30,33,19,9,2,99,1,0,1,3,0,0,1,2,13,2.321928094887362,24.95484423721123,3.144122805635369,6,0,0,0.057604457,0.018384401,0.1036211699164345,0.011142061,0,0.37012956738471986,2.437962177822698,-0.81804359,4.05,0.5941461538595467
2022/12/1,530,eject,22628,2200,0,2,11,35,36,14,2,100,1,1,0,3,0,0,1,2,14,1.921928094887362,86.71315026697177,3.268659593995378,2,0,0,0.063844011,0.002228412,0.059052925,0.002785515,0,0.33906694054603576,3.155157002264916,-0.215600848,4.59,0.798985353919314
2022/11/30,529,study,22569,2405,0,6,30,33,19,10,2,100,1,0,0,4,1,0,1,2,9,2.321928094887362,19.54100640256102,3.111915236488605,1,0,0,0.044233983,0.030083565,0.08356546,0.022284123,0,0.43438635766506195,4.690121447501861,-0.80555886,4.07,0.17041156155385948
2022/11/29,528,undue,23739,2316,0,3,19,35,29,13,2,101,0,1,1,2,0,0,2,2,6,1.921928094887362,27.34542438893366,3.380362815821457,5,0,1,0.050584958,0.030083565,0.066852368,0.022284123,1,0.36456238925457,2.768955396864123,-0.437833965,4.4,0.1983003785690221
2022/11/28,527,tepid,26051,2484,0,10,38,35,13,3,0,99,0,0,0,3,0,0,1,1,8,2.321928094887362,16.79792960662526,4.024754878398197,0,0,0,0.059498607,0.030083565,0.064066852,0.038997214,1,0.36453552842140197,2.405777494451296,-1.277121663,3.5999999999999996,0.1984775094861096
2022/11/27,526,happy,25206,2356,0,6,28,39,19,6,1,99,1,0,0,4,1,1,1,3,15,1.921928094887362,23.59198361162647,4.513846284534354,11,0,0,0.046573816,0.033983287,0.072423398,0.022284123,16,0.5737181842327118,5.522129756061506,-0.89027667,3.959999999999999,-2.516461911579171
2022/11/26,525,clean,26381,2424,1,17,36,31,12,3,0,100,0,0,0,3,0,0,2,2,7,2.321928094887362,13.08224375087278,4.875153137922253,6,0,0,0.068412256,0.039554318,0.084679666,0.044568245,1,0.41857353448867796,5.083103623054729,-1.426590085,3.45,-0.1578703935141823
2022/11/25,524,itchy,24197,2329,0,8,28,40,18,5,1,100,1,1,0,4,1,0,1,4,13,2.321928094887362,39.70165532879819,2.497676196228642,1,0,0,0.048356546,0.033983287,0.047910864,0.011142061,0,0.4139579713344574,3.360020003890622,-0.962236285,3.89,0.3051243898089921
2022/11/24,523,feast,27705,2725,5,13,25,27,19,10,2,101,1,0,0,3,0,0,2,2,8,2.321928094887362,12.32219545,1.953139800010316,4,0,0,0.066183844,0.018384401,0.089693593,0.061281337,0,0.3444980949163437,3.827128262,-0.958182752,3.83,0.7631701821248439
2022/11/23,522,drive,26663,2451,1,12,32,30,18,6,1,100,1,0,1,3,0,0,1,2,9,2.321928094887362,17.71925369952767,3.030604373718116,2,0,0,0.055598886,0.013927577,0.098050139,0.027855153,1,0.4303824543952942,5.184540779950126,-1.090955734,3.76,-0.2357430640968486
2022/11/22,521,prime,27437,2534,1,10,26,32,21,9,1,100,0,0,1,3,0,0,1,2,9,2.321928094887362,12.46432616329579,4.177050983124842,10,0,0,0.06005571,0.030640669,0.1069637883008357,0.04178273,1,0.4529661774635315,4.262181018374553,-0.9014498,3.95,-0.38466903200333535
2022/11/21,520,axiom,24288,2382,0,5,19,33,27,13,3,100,1,1,0,2,0,0,2,1,14,2.321928094887362,33.03677616501146,2.891799001864011,1,0,0,0.050807799,0.003899721,0.056267409,0.013927577,0,0.35900675058364867,2.194924129136403,-0.45626986,4.390000000000001,0.667494390239393
2022/11/20,519,brave,24991,2396,1,6,17,27,27,18,5,101,1,0,1,3,0,0,1,2,10,2.321928094887362,15.36386962623662,2.699172818834085,9,0,0,0.059387187,0.013927577,0.101949861,0.027855153,1,0.41467403471469877,4.500812659420713,-0.293321371,4.5600000000000005,-0.1321555556003332
2022/11/19,518,avert,24749,2400,0,7,26,35,22,9,1,100,1,1,0,3,0,0,1,2,8,2.321928094887362,80.79435068180194,1.849586409417042,6,0,0,0.070417827,0.013927577,0.074651811,0.002785515,2,0.4400272607803345,2.783195835978733,-0.809883714,4.05,-0.5523748925361422
2022/11/18,517,glyph,29208,2899,0,2,23,49,20,5,1,100,1,0,0,5,1,0,0,5,14,2.321928094887362,27.47305322128851,3.821345821,0,0,0,0.039888579,0.028412256,0.052924791,0.022284123,0,0.3400186449289322,2.069985392528103,-0.746022105,4.08,0.792709440246646
2022/11/17,516,there,27465,2530,0,14,35,33,14,4,0,100,0,0,1,3,0,0,1,2,8,1.921928094887362,10.42184795522538,1.644122805635369,7,0,0,0.07821727,0.038997214,0.1086350974930362,0.080779944,33,0.6312569499015808,6.637707562972593,-1.297270417,3.59,-3.3284531440436336
2022/11/16,515,baker,25576,2541,0,5,16,23,24,22,10,100,1,0,0,3,0,0,1,1,11,2.321928094887362,26.75702934662237,4.305531284802612,15,1,0,0.060501393,0.017270195,0.08356546,0.011142061,1,0.4642920345067978,4.136311317890142,0.03393203,4.920000000000001,-0.4593561957381403
2022/11/15,514,snarl,27475,2650,0,5,21,31,24,15,4,100,0,0,0,4,0,0,1,2,5,2.321928094887362,12.76866872651226,4.370855578242902,7,0,0,0.064735376,0.04902507,0.091364903,0.04735376,0,0.35919633507728577,2.738992173486679,-0.440798283,4.430000000000001,0.6662441953919954
2022/11/14,513,maple,26536,2467,1,6,26,36,21,8,1,99,0,0,1,3,0,0,1,2,9,2.321928094887362,14.18963307240704,5.658780940276738,2,0,0,0.063955432,0.030640669,0.099721448,0.038997214,1,0.46150467097759246,3.511942230184515,-0.824503005,4.010000000000001,-0.44097522240438675
2022/11/13,512,inane,25085,2515,0,8,25,30,21,13,3,100,0,1,1,2,0,0,1,1,5,1.921928094887362,16.81839695899925,4.158004356848937,1,0,0,0.069192201,0.04902507,0.094150418,0.027855153,2,0.5010718494653702,2.653561978162053,-0.674955428,4.210000000000001,-0.9549269619138636
2022/11/12,511,valet,24660,2356,0,4,22,38,25,9,1,99,1,0,0,3,0,0,1,1,8,2.321928094887362,24.67091478485563,4.811260048,3,0,0,0.067966574,0.013927577,0.084679666,0.016713092,0,0.290720134973526,3.713438069014291,-0.6564942,4.18,1.1178032385221968
2022/11/11,510,medal,25993,2438,0,5,25,38,23,8,1,100,0,0,0,3,0,0,1,1,8,2.321928094887362,17.44541474654378,3.868033988749895,4,0,0,0.062841226,0.030083565,0.064066852,0.033426184,1,0.47300744652748106,4.063421623025715,-0.752384126,4.09,-0.5168290564778107
2022/11/10,509,unite,27467,2575,1,11,31,33,18,5,1,100,0,1,1,2,0,0,1,1,5,2.321928094887362,18.47316849667776,2.516123775561495,4,0,1,0.063286908,0.035654596,0.094150418,0.022284123,2,0.43403538763523103,3.482165840314751,-1.070572972,3.77,-0.5128621202172834
2022/11/9,508,rainy,28984,2678,1,16,38,31,11,3,1,101,1,0,0,3,1,0,2,2,8,2.321928094887362,12.87757302221588,3.765443149195011,1,0,0,0.060612813,0.033983287,0.1002785515320334,0.036211699,6,0.5189963757991791,3.581868753506978,-1.373702884,3.4999999999999996,-1.601883900124553
2022/11/8,507,spell,27213,2531,0,4,24,37,24,9,1,99,0,0,0,4,0,1,1,2,7,1.921928094887362,16.31178253,5.286255069649192,12,0,0,0.062395543,0.035654596,0.077994429,0.030640669,0,0.3717039108276367,4.563675748680959,-0.692272663,4.1499999999999995,0.5837643129051038
2022/11/7,506,begin,26096,2439,0,6,26,36,23,7,1,99,0,0,0,3,0,0,1,1,8,2.321928094887362,21.74130262249827,2.763799971790137,5,0,0,0.050807799,0.017270195,0.053481894,0.025069638,8,0.5854737997055054,4.755279173914888,-0.797736704,4.04,-2.1970947926244255
2022/11/6,505,stale,31068,3013,2,19,30,27,15,6,2,101,0,0,1,3,0,0,1,2,5,2.321928094887362,12.18141031818908,5.342036454021065,17,0,0,0.074986072,0.04902507,0.1142061281337047,0.038997214,1,0.4139843285083771,3.467925401200141,-1.214143991,3.64,-0.12760736113136933
2022/11/5,504,dream,29743,2751,5,14,31,29,15,4,1,99,0,0,0,3,0,0,2,2,8,2.321928094887362,22.89047909660813,2.683261017542776,5,0,0,0.065292479,0.030083565,0.065181058,0.019498607,1,0.4385031282901764,5.124279183318571,-1.2438519,3.53,-0.28929398730796396
2022/11/4,503,photo,27330,2565,0,5,34,43,15,3,0,100,0,0,1,3,0,0,1,2,10,1.921928094887362,15.92002869272434,3.821345821,2,0,0,0.059052925,0.035654596,0.080222841,0.030640669,0,0.433489191532135,4.358532692567455,-1.083265424,3.77,0.17632782851813975
2022/11/3,502,aloud,29554,2819,1,18,31,30,15,4,1,100,0,1,0,2,0,0,2,1,6,2.321928094887362,16.47980952380953,3.780776406404415,4,0,0,0.05816156,0.030083565,0.08356546,0.027855153,1,0.4029883712530136,3.269557747433308,-1.283839822,3.58,-0.05509568657862367
2022/11/2,501,inept,27670,2640,0,6,30,39,20,6,1,102,0,1,0,3,0,0,1,2,7,2.321928094887362,24.33273231031543,4.608494600052545,2,0,0,0.063286908,0.035654596,0.06183844,0.022284123,0,0.38479018211364746,2.935286818630647,-0.886027515,3.959999999999999,0.49746828404983456
2022/11/1,500,piney,27502,3667,0,1,14,37,33,14,2,101,1,0,0,3,1,0,1,1,10,2.321928094887362,12.50029095561379,2.858494600052545,7,0,0,0.055598886,0.033983287,0.089693593,0.064066852,0,0.33379062116146085,2.246076651583785,-0.269048929,4.55,0.8337794828128237
2022/10/31,499,aptly,26498,2572,0,3,26,41,23,7,1,101,1,1,0,4,1,0,1,4,10,2.321928094887362,19.07160815375101,5.335192105980864,1,1,0,0.058607242,0.033983287,0.069637883,0.030640669,0,0.31326483488082885,2.614053436878379,-0.730662882,4.1000000000000005,0.9691346047140504
2022/10/30,498,waltz,24672,2496,0,2,11,29,35,19,3,99,2,0,0,4,0,0,1,3,17,2.321928094887362,90.4601431,4.502363785747584,1,0,0,0.048579387,0.002785515,0.053481894,0.002785515,1,0.36817422807216643,3.738992173486679,-0.097378612,4.74,0.17448249034007518
2022/10/29,497,libel,25156,2536,0,3,15,32,32,16,2,100,0,0,0,3,0,0,1,1,7,1.921928094887362,22.28125016203884,3.482738623220373,3,0,0,0.060278552,0.017270195,0.06183844,0.022284123,1,0.37220454812049864,3.047708997816951,-0.314063549,4.529999999999999,0.14790497199390995
2022/10/28,496,sneak,27905,2636,0,7,28,36,21,7,1,100,1,0,0,3,0,0,2,2,9,2.321928094887362,14.82833491461101,4.24118122,5,0,0,0.061727019,0.019498607,0.080779944,0.044568245,1,0.3743401914834976,4.227341407969172,-0.870632052,3.979999999999999,0.13382169821408701
2022/10/27,495,carry,27609,2615,0,4,22,35,24,12,3,100,1,0,0,4,1,1,1,3,10,1.921928094887362,11.20275910050541,1.849586409417042,9,0,0,0.062284123,0.033983287,0.099721448,0.055710306,4,0.48799856305122374,4.818431851247912,-0.522202671,4.33,-1.1874968806786144
2022/10/26,494,flout,30063,2904,0,6,28,37,21,7,1,100,1,0,0,3,0,0,2,2,8,2.321928094887362,15.15002973837756,2.5,6,0,0,0.052590529,0.018384401,0.094707521,0.027855153,0,0.36181987524032594,2.333226827302685,-0.848274112,4.0,0.6489435378811966
2022/10/25,493,foggy,28953,2817,0,2,13,35,32,15,3,100,2,0,0,4,1,1,1,3,13,1.921928094887362,18.60206340111802,2.659084675395885,9,0,0,0.036657382,0.018384401,0.08189415,0.025069638,2,0.4566141992807388,3.117908944845286,-0.227373242,4.6,-0.6617557002671897
2022/10/24,492,fault,28947,2768,0,7,27,35,22,8,1,100,1,0,0,3,0,0,2,2,8,2.321928094887362,11.87629164313947,3.860484033353917,5,0,0,0.055487465,0.018384401,0.093593315,0.061281337,0,0.3770872503519058,5.017010443563597,-0.832878411,4.0200000000000005,0.5482644510444793
2022/10/23,491,mummy,29279,3021,0,1,4,14,27,37,18,101,1,0,0,4,1,1,1,3,14,1.370950594454669,24.32264505802321,1.559016994374947,8,0,0,0.032311978,0.030640669,0.060167131,0.019498607,0,0.34016740024089814,3.991671868011706,0.9149287939071656,5.830000000000001,0.7917284891098992
2022/10/22,490,spiel,29084,2810,0,7,32,36,19,6,1,101,0,0,0,3,0,0,2,2,7,2.321928094887362,14.22836815487294,5.286255069649192,5,0,0,0.061281337,0.035654596,0.09637883,0.030640669,0,0.31202912926673887,2.634256822966666,-0.954673767,3.9,0.9772833344017898
2022/10/21,489,grove,28637,2794,0,4,18,30,28,17,3,100,1,0,1,3,0,0,1,2,9,2.321928094887362,15.76363159614086,3.508861586751847,7,0,0,0.058718663,0.013927577,0.1041782729805014,0.027855153,1,0.43630948662757874,3.588499332405991,-0.358703613,4.51,-0.27482824988923765
2022/10/20,488,denim,28741,2769,0,5,29,40,20,5,0,99,0,0,0,3,0,0,1,1,8,2.321928094887362,25.04824016563147,2.417511594427492,1,0,0,0.053816156,0.030083565,0.051810585,0.019498607,10,0.588068687915802,2.823313059186715,-0.931952417,3.91,-2.3394348942112506
2022/10/19,487,quirk,28322,2794,0,3,23,39,24,9,2,100,2,0,0,3,0,0,2,2,18,2.321928094887362,36.75204299588174,3.780776406404415,7,0,0,0.037883008,0.002785515,0.060724234,0.008356546,0,0.27999497652053834,2.614053436878379,-0.603607118,4.2299999999999995,1.1885291590772566
2022/10/18,486,exist,28612,2805,0,5,24,38,23,8,1,99,1,1,0,3,0,0,1,2,12,2.321928094887362,27.99632411067194,4.451415872075787,0,0,0,0.056935933,0.003899721,0.070752089,0.013927577,7,0.5200706571340561,4.461508576203267,-0.741874337,4.1,-1.692298292840068
2022/10/17,485,stein,31269,2965,1,12,34,32,16,5,1,101,0,0,0,3,0,0,2,2,5,2.321928094887362,16.53898702959445,3.247676196228642,6,0,0,0.065961003,0.04902507,0.074651811,0.038997214,0,0.3725675672292709,3.484958740498922,-1.143468142,3.71,0.5780690223118133
2022/10/16,484,spade,30459,2854,1,8,29,36,19,6,1,100,0,0,1,3,0,0,1,2,8,2.321928094887362,19.56344495022371,5.029410721608992,11,0,0,0.061169916,0.030083565,0.1036211699164346,0.022284123,0,0.2988621354103088,3.367381104,-0.955235839,3.879999999999999,1.064111679691124
2022/10/15,483,catch,30403,3123,0,7,18,20,15,16,23,99,0,0,0,4,0,0,1,3,12,1.921928094887362,16.56361520058888,3.087469597008005,14,0,0,0.055821727,0.038997214,0.074094708,0.036211699,1,0.4314513266086578,5.131437871615297,0.5416262149810791,5.35,-0.24279162860778192
2022/10/14,482,floor,28906,2752,0,3,23,44,24,6,0,100,1,0,0,3,0,1,2,2,8,1.921928094887362,12.68411815635345,2.75,3,0,0,0.060724234,0.018384401,0.092479109,0.04735376,2,0.4651328563690186,5.002205406405222,-0.752657413,4.07,-0.7179310814610813
2022/10/13,481,equal,27197,2677,0,5,23,35,25,11,2,101,1,1,0,2,0,0,2,1,14,2.321928094887362,50.95208141321045,5.520690632574555,0,0,0,0.058384401,0.002785515,0.052924791,0.005571031,0,0.4348772794008255,4.126254845825993,-0.608594298,4.24,0.1671742302049047
2022/10/12,480,ionic,29151,2947,0,2,13,25,28,21,11,100,0,1,0,2,0,0,2,1,7,1.921928094887362,29.19132139812447,3.204785801836171,6,0,0,0.055264624,0.039554318,0.062395543,0.013927577,1,0.38210019171237947,2.246076651583785,0.2348832488059998,5.08,0.0826491992621244
2022/10/11,479,valid,28575,2752,0,4,28,38,21,8,1,100,1,0,0,3,0,0,1,1,9,2.321928094887362,28.15201690821256,4.418877684033565,2,0,0,0.050362117,0.013927577,0.059052925,0.016713092,0,0.40212629437446595,3.509318086358366,-0.791073322,4.0600000000000005,0.383147129367901
2022/10/10,478,enjoy,26878,2654,0,3,12,29,33,20,3,100,2,1,0,3,1,0,1,2,15,2.321928094887362,88.89236494597839,2.563958203834218,1,0,0,0.052367688,0.002228412,0.052367688,0.002785515,1,0.4633942902088165,4.917455223569368,-0.162037849,4.699999999999999,-0.45343611612569457
2022/10/9,477,howdy,28408,2668,0,2,13,32,32,17,4,100,2,0,0,4,1,0,1,3,15,2.321928094887362,32.73542198697661,3.684692220677464,3,0,0,0.038774373,0.016713092,0.06908078,0.013927577,1,0.3646355539560318,4.114655787447564,-0.146605492,4.69,0.19781790170066588
2022/10/8,476,vigor,26905,2642,0,2,15,35,31,14,2,99,1,0,0,3,0,0,1,1,9,2.321928094887362,29.34114155807251,4.189379810196405,3,0,0,0.049582173,0.013927577,0.050139276,0.016713092,0,0.3772634267807007,2.634256822966666,-0.331434369,4.5,0.5471026742594334
2022/10/7,475,dandy,29026,2840,0,2,11,23,29,24,11,100,1,0,0,4,1,0,1,3,10,1.921928094887362,21.04121191955043,3.355893708482386,12,0,0,0.046350975,0.030083565,0.077994429,0.022284123,0,0.30926398038864134,3.644016660255823,0.3081164360046387,5.17,0.9955178155735586
2022/10/6,474,sloth,32522,2987,1,10,38,34,13,3,0,99,0,0,0,4,0,0,1,2,8,2.321928094887362,10.80262620603797,3.353553390593274,5,0,0,0.059387187,0.038997214,0.1058495821727019,0.055710306,0,0.37218732535839083,3.166895406,-1.286855221,3.5700000000000003,0.5805764870238225
2022/10/5,473,marsh,30935,2885,0,9,30,35,19,6,1,100,0,0,0,4,0,0,1,3,10,2.321928094887362,15.5294697,3.870277041991597,3,0,0,0.05637883,0.030640669,0.072423398,0.055710306,0,0.34457962214946747,3.547106647247766,-0.978369951,3.879999999999999,0.7626325594278683
2022/10/4,472,bough,32014,3060,0,3,17,35,28,13,3,99,0,0,0,3,0,0,2,2,11,2.321928094887362,15.63962885154062,2.427050983124842,12,0,0,0.038885794,0.017270195,0.075208914,0.044568245,0,0.30971263349056244,2.495954124800384,-0.375775456,4.460000000000001,0.9925592202500169
2022/10/3,471,sting,32288,2969,1,10,30,33,18,8,2,102,0,0,0,4,0,0,1,2,6,2.321928094887362,21.18691406632583,2.601229586821916,10,0,0,0.051142061,0.028412256,0.079108635,0.019498607,0,0.2808550387620926,3.846928590722779,-0.933942854,3.92,1.1828575697916337
2022/10/2,470,twine,30088,2775,0,6,28,40,20,5,1,100,1,0,1,3,0,0,1,2,8,2.321928094887362,19.73691828719226,3.858494600052545,11,0,0,0.059498607,0.016713092,0.099721448,0.016713092,0,0.35870004892349244,2.768955396864123,-0.888002694,3.95,0.6695169018270211
2022/10/1,469,leave,28202,2696,0,4,16,34,31,12,1,98,1,0,1,2,0,0,2,1,8,1.921928094887362,17.92069172305872,3.429294036366545,9,0,0,0.073983287,0.013927577,0.093036212,0.027855153,12,0.551044499874115,5.748154617518834,-0.452668726,4.37,-2.199532778091981
2022/9/30,468,scorn,31223,2859,0,8,31,35,20,6,1,101,0,0,0,4,0,0,1,2,7,2.321928094887362,24.16720520622042,3.891799001864011,6,0,0,0.057270195,0.039554318,0.084122563,0.013927577,0,0.392065104842186,3.069985392528104,-0.951763034,3.9,0.449494577255835
2022/9/29,467,scald,30477,2829,0,4,23,36,24,11,2,100,0,0,0,4,0,0,1,2,8,2.321928094887362,24.01927724578204,4.412570384968221,10,0,0,0.053927577,0.030083565,0.079665738,0.013927577,0,0.33859680593013763,2.467925401200141,-0.600995183,4.25,0.802085606809744
2022/9/28,466,usurp,31355,3007,0,3,21,38,26,9,1,98,0,1,0,3,0,0,1,2,7,1.921928094887362,40.94014778325123,4.799509756796392,2,0,0,0.046128134,0.035654596,0.042896936,0.011142061,0,0.352819687128067,2.291834142,-0.59410876,4.23,0.7082943243705935
2022/9/27,465,soggy,30985,2888,0,2,18,38,28,11,2,99,1,0,0,4,1,1,1,3,10,1.921928094887362,16.74627017473656,3.152096749964058,8,0,0,0.042785515,0.028412256,0.098050139,0.025069638,1,0.43350992500782015,2.999404318242396,-0.444694996,4.38,-0.25636683754032413
2022/9/26,464,brisk,31706,2884,0,5,23,38,24,7,1,98,1,0,0,4,0,0,1,2,11,2.321928094887362,14.91349508599509,4.579707626949502,5,0,0,0.043454039,0.017270195,0.077437326,0.044568245,0,0.3537418246269226,3.024227901967429,-0.729090571,4.1,0.702213386380653
2022/9/25,463,admit,28994,2677,0,10,25,34,22,8,1,100,0,1,0,3,0,0,1,2,8,2.321928094887362,53.40403726708074,2.839793400779363,1,0,0,0.055710306,0.030083565,0.059052925,0.005571031,2,0.47611255049705503,4.771841085,-0.878932655,3.98,-0.7903355105445551
2022/9/24,462,grate,32777,3077,1,14,29,28,16,8,3,99,0,0,1,3,0,0,1,2,6,2.321928094887362,11.47665829726059,2.674899212039784,13,0,0,0.073314763,0.028412256,0.1097493036211699,0.04735376,1,0.4041504800319672,3.016110011745249,-1.007604241,3.86,-0.06275908973829557
2022/9/23,461,glory,31509,2893,0,6,30,39,19,5,0,99,1,0,0,4,1,0,1,2,9,2.321928094887362,11.31022141270301,3.0,4,0,0,0.054707521,0.028412256,0.1041782729805014,0.04735376,0,0.40591647326946256,4.332040769719171,-0.979578972,3.87,0.35815319640252635
2022/9/22,460,saint,34455,3119,1,14,35,29,15,5,1,100,0,0,0,3,0,0,2,2,5,2.321928094887362,8.857902679162269,3.283890728527864,6,0,0,0.063175487,0.04902507,0.1197771587743733,0.072423398,0,0.3991025984287262,4.253255236210908,-1.223962307,3.64,0.40308657177133467
2022/9/21,459,recap,31976,2900,0,5,30,35,21,8,1,100,0,0,0,3,0,0,1,1,9,2.321928094887362,27.35626944739848,3.572863278909302,4,0,1,0.068189415,0.035654596,0.049582173,0.022284123,0,0.31223122477531434,2.945046655919803,-0.834450841,4.0200000000000005,0.9759506369925444
2022/9/20,458,alike,31277,2843,0,6,20,33,27,12,2,100,1,1,1,2,0,0,1,1,9,2.321928094887362,13.41646207673605,3.878308269,4,0,0,0.065961003,0.019498607,0.1103064066852368,0.030640669,1,0.43461965024471283,4.055262135707397,-0.557420254,4.29,-0.26368480298451324
2022/9/19,457,trice,35050,3430,0,5,24,25,18,17,11,100,0,0,1,3,0,0,1,2,7,2.321928094887362,10.72820106794873,3.096291201783626,12,0,0,0.069192201,0.039554318,0.113091922,0.052924791,0,0.36676513254642484,2.136932182158717,-0.145326436,4.7299999999999995,0.6163325627717287
2022/9/18,456,stick,33102,3038,1,9,36,35,14,4,0,99,1,0,0,4,0,0,1,2,11,2.321928094887362,16.43468011606556,4.161615495223916,11,0,0,0.047465181,0.019498607,0.080222841,0.038997214,0,0.40282143354415895,4.986790144394278,-1.216233969,3.64,0.3785631077978774
2022/9/17,455,chute,33418,3073,0,11,37,36,12,3,0,99,0,0,1,3,0,0,1,2,10,2.321928094887362,10.55862176889574,2.144122805635369,3,0,0,0.057827298,0.035654596,0.1080779944289694,0.075208914,0,0.29551332592964175,3.559005870547474,-1.30372858,3.58,1.086195048838711
2022/9/16,454,parer,37309,4130,0,0,4,11,15,22,48,100,0,0,0,3,0,0,1,1,7,1.921928094887362,11.92876847705715,3.554415699576449,16,1,0,0.075208914,0.035654596,0.094150418,0.055710306,0,0.36714259088039397,,2.255668163299561,6.95,0.6138434537988249
2022/9/15,453,doubt,33344,3011,1,12,32,34,16,4,0,99,0,0,0,3,0,0,2,2,8,2.321928094887362,47.41633175009135,3.227797413761102,0,0,0,0.045905292,0.017270195,0.077437326,0.005571031,15,0.5620252132415772,4.797797660162586,-1.201241016,3.65,-2.401521107273163
2022/9/14,452,thyme,32142,2938,1,5,24,41,23,5,0,99,1,0,1,4,1,0,1,4,13,2.321928094887362,19.31431921959319,2.280604373718116,4,0,0,0.055710306,0.030640669,0.088579387,0.022284123,10,0.5731931388378143,2.333226827302685,-0.844860315,3.96,-2.24133966261963
2022/9/13,451,alpha,29497,2706,0,3,19,40,28,9,1,100,0,1,1,3,0,0,1,3,10,1.921928094887362,35.33015873015873,4.634329796997689,0,0,0,0.062841226,0.035654596,0.054038997,0.011142061,5,0.49764384627342223,3.909882238856553,-0.558330357,4.260000000000001,-1.3648792995825407
2022/9/12,450,booze,29147,2883,0,1,7,27,38,23,4,100,1,0,1,2,0,1,2,1,16,1.921928094887362,31.35073811442385,3.886693582745273,5,0,0,0.054150418,0.002785515,0.1097493036211699,0.008356546,0,0.40547072887420654,4.039245950030883,0.1022737622261047,4.95,0.3610926105682871
2022/9/11,449,tibia,27887,2675,0,1,14,40,30,12,2,99,0,0,1,2,0,0,2,1,7,1.921928094887362,25.58958937198067,4.320542590698364,1,0,0,0.058384401,0.017270195,0.051810585,0.022284123,1,0.472449791431427,2.810348082022347,-0.338295281,4.4799999999999995,-0.5131516590581338
2022/9/10,448,lofty,29237,2777,0,4,19,34,27,13,3,100,2,0,0,4,1,0,1,3,11,2.321928094887362,29.00548544204007,2.128308269,2,0,0,0.052256267,0.018384401,0.080222841,0.011142061,0,0.3405454933643341,2.904617998864195,-0.43391192,4.41,0.7892351940851441
2022/9/9,447,theme,32172,2909,0,8,29,40,18,4,0,99,0,0,1,3,0,0,1,2,10,1.921928094887362,12.73265255292653,3.380190783135158,5,0,0,0.069415042,0.030640669,0.1008356545961003,0.04178273,0,0.42696657180786135,4.143703742874226,-1.041028738,3.81,0.21934055289437843
2022/9/8,446,class,31962,3001,0,4,21,32,22,13,7,99,0,0,0,4,0,1,1,2,7,1.921928094887362,32.75201852411154,3.770690632574555,5,0,0,0.057715877,0.039554318,0.079665738,0.008356546,0,0.3667373448610306,5.068970854648633,-0.305534542,4.54,0.6165158057175757
2022/9/7,445,leery,30992,2873,0,3,17,37,28,12,2,99,1,0,0,3,1,1,2,2,8,1.921928094887362,14.42186416211047,2.270690632574555,6,0,0,0.075208914,0.033983287,0.083008357,0.036211699,0,0.4125545084476471,3.504021746548418,-0.44405818,4.39,0.31437937704947155
2022/9/6,444,taunt,32734,3022,0,4,19,27,21,16,13,100,0,0,0,3,0,0,2,2,5,1.921928094887362,10.77586040770823,3.669501027728865,7,0,0,0.06362117,0.035654596,0.099164345,0.072423398,1,0.444071900844574,2.810348082022347,0.072967649,4.91,-0.3260166676299322
2022/9/5,443,whoop,32733,2970,0,1,16,47,29,7,1,101,1,0,0,3,0,1,2,2,13,1.921928094887362,23.33755971479501,2.071345821,3,0,0,0.047910864,0.016713092,0.066295265,0.022284123,0,0.37220498323440554,3.588499332405991,-0.4922961,4.3,0.5804600440321723
2022/9/4,442,inter,32018,2889,0,6,25,36,23,8,1,99,0,1,0,3,0,0,1,2,5,2.321928094887362,20.64780234813066,2.016123775561495,5,1,0,0.071086351,0.04902507,0.065738162,0.027855153,1,0.44342500269412993,2.570587743097289,-0.774742067,4.07,-0.32175076634781397
2022/9/3,441,gully,31191,2877,0,1,9,27,31,25,7,100,1,0,0,4,1,1,1,3,9,1.921928094887362,20.88180939042284,1.908603404,14,1,0,0.044568245,0.028412256,0.064623955,0.025069638,0,0.3549587219953537,2.973075379520047,0.1703054308891296,5.05,0.6941886856752434
2022/9/2,440,charm,35724,3149,1,12,32,34,16,5,1,101,0,0,0,4,0,0,1,2,12,2.321928094887362,18.75428751948399,3.732526648950187,11,0,0,0.05448468,0.030640669,0.080779944,0.019498607,1,0.42850143909454347,4.192201271,-1.132958412,3.72,-0.22333890808303325
2022/9/1,439,fungi,31903,2928,0,2,18,41,28,9,1,99,1,0,1,3,0,0,1,2,9,2.321928094887362,50.99640490583585,2.493709215052411,4,0,0,0.037660167,0.018384401,0.044568245,0.005571031,3,0.4619015663862228,2.291834142,-0.525462627,4.29,-0.8761504484566202
2022/8/31,438,prize,35343,3166,0,5,12,20,32,26,5,100,1,0,1,3,0,0,1,2,16,2.321928094887362,31.61099282996245,5.027134253506677,5,0,0,0.05448468,0.002785515,0.1002785515320334,0.008356546,2,0.46020969450473787,4.349880372539742,-0.035007358,4.87,-0.6854658124005741
2022/8/30,437,onset,33660,3009,0,4,29,40,21,6,1,101,0,1,0,3,0,0,1,2,5,2.321928094887362,34.37916641884257,2.785717615863686,3,0,0,0.069415042,0.04902507,0.065738162,0.011142061,0,0.36910220682621003,2.935286818630647,-0.826552749,4.01,0.6009209741627681
2022/8/29,436,chief,34281,3072,1,6,32,38,18,5,0,100,1,0,0,3,0,0,2,2,13,2.321928094887362,31.58643410852713,2.953139800010316,2,0,0,0.051253482,0.018384401,0.086908078,0.008356546,0,0.40212047696113584,4.891062004918256,-1.025090814,3.81,0.3831854916834626
2022/8/28,435,gauze,30214,2866,0,2,11,24,31,25,8,101,1,0,1,2,0,0,2,1,15,2.321928094887362,33.20054344,4.808936243845293,3,0,0,0.051587744,0.002785515,0.094150418,0.008356546,0,0.42814326882362364,3.161065861875436,0.1679668426513672,5.05,0.2115809491534196
2022/8/27,434,ruder,31241,2784,0,2,16,33,29,16,4,100,0,0,0,3,0,0,1,1,6,1.921928094887362,19.45113568,2.280776406404415,5,1,0,0.063509749,0.030083565,0.066852368,0.033426184,0,0.327295708656311,2.291834142,-0.234896302,4.61,0.8766094948695062
2022/8/26,433,irony,34716,3046,0,6,29,34,21,8,1,99,1,1,0,3,1,0,1,2,8,2.321928094887362,14.78338512452798,3.651387818865997,3,0,0,0.057715877,0.033983287,0.095821727,0.027855153,2,0.42988661527633665,3.661049999554603,-0.846298933,4.01,-0.4855034806650208
2022/8/25,432,clown,36737,3175,1,8,29,36,20,6,1,101,1,0,0,4,0,0,1,2,10,2.321928094887362,24.16878138528138,4.638724621,3,0,0,0.048356546,0.016713092,0.081337047,0.013927577,1,0.38196095526218415,4.199245502919046,-0.940476954,3.8899999999999992,0.08356737927392076
2022/8/24,431,needy,33700,2927,0,2,21,41,26,9,1,100,1,0,0,3,1,1,2,2,9,1.921928094887362,27.36459184,1.941957233908092,8,0,0,0.06362117,0.030083565,0.067409471,0.016713092,0,0.35919318795204164,3.484958740498922,-0.586509645,4.24,0.6662649487758237
2022/8/23,430,woven,33549,2933,0,2,13,32,32,17,3,99,2,0,0,3,0,0,1,1,11,2.321928094887362,23.06738331,4.556696015024571,3,1,0,0.051253482,0.013927577,0.071866295,0.022284123,3,0.4819856137037277,2.810348082022347,-0.202403247,4.640000000000001,-1.008592569589686
2022/8/22,429,merit,35888,3123,0,7,33,37,17,5,0,99,0,0,0,3,0,0,1,1,7,2.321928094887362,14.42689440993789,3.118033988749895,3,0,0,0.067409471,0.030640669,0.07632312,0.055710306,0,0.3758440732955933,3.53238339,-1.062983871,3.8,0.5564624503659851
2022/8/21,428,waste,35617,3186,1,7,19,27,24,17,5,100,1,0,1,3,0,0,1,2,8,2.321928094887362,20.64092696370094,1.894122805635369,8,0,0,0.065849582,0.016713092,0.093036212,0.022284123,2,0.460742911696434,4.725923780562351,-0.393460333,4.47,-0.6889820566503724
2022/8/20,427,treat,38245,3249,1,22,32,26,14,5,1,101,0,0,0,3,0,0,2,2,5,1.921928094887362,10.60420580468266,2.089793400779363,8,0,0,0.082116992,0.072423398,0.096935933,0.08356546,1,0.43321559131145476,4.714588083445808,-1.375545382,3.51,-0.2544258851789148
2022/8/19,426,shrug,33965,2987,0,4,23,36,26,10,1,100,0,0,0,4,0,0,1,3,9,2.321928094887362,24.61074357015534,2.868033988749895,4,0,0,0.045348189,0.028412256,0.067409471,0.019498607,0,0.364396396279335,2.614053436878379,-0.639760256,4.199999999999999,0.6319529429998096
2022/8/18,425,twang,34938,3172,0,3,22,43,25,7,1,101,1,0,0,4,0,0,1,2,9,2.321928094887362,29.04844876054178,2.731861659584744,6,0,0,0.051030641,0.016713092,0.062395543,0.016713092,2,0.4455633133649826,2.246076651583785,-0.659106135,4.16,-0.5888818044859034
2022/8/17,424,twice,35815,3173,1,6,28,38,21,6,1,101,1,0,1,3,0,0,1,2,10,2.321928094887362,20.75432719407485,4.096291201783626,5,0,0,0.057604457,0.016713092,0.095821727,0.016713092,8,0.5311515748500824,4.795897024823152,-0.870492339,3.95,-1.838872638952793
2022/8/16,423,gruel,35105,3087,0,3,19,39,29,9,1,100,0,0,0,3,0,0,2,2,6,2.321928094887362,13.38978977511809,3.624244023167829,2,0,0,0.060724234,0.028412256,0.083008357,0.04735376,0,0.3031478226184845,2.672045383856066,-0.543571591,4.2700000000000005,1.0358501696782034
2022/8/15,422,poker,35376,3180,0,4,17,30,27,17,5,100,1,0,0,3,0,0,1,1,11,2.321928094887362,26.20077828097872,2.128308269,13,1,0,0.061281337,0.019498607,0.086908078,0.011142061,1,0.36778140962123873,4.205647994528176,-0.251356959,4.61,0.177072889976095
2022/8/14,421,khaki,31652,2968,0,2,17,33,28,16,4,100,2,0,1,3,0,0,1,2,16,1.921928094887362,70.20613108,3.75,4,0,0,0.044679666,0.019498607,0.051253482,0.005571031,8,0.5780981361865998,2.925302597724047,-0.260165095,4.590000000000001,-2.1484567613668397
2022/8/13,420,hunky,35276,3185,0,1,11,33,25,22,7,99,2,0,0,4,1,0,1,3,15,2.321928094887362,21.86512011919393,2.030604373718116,7,0,0,0.035431755,0.019498607,0.06183844,0.030640669,0,0.40772834718227385,2.925302597724047,0.023278058,4.91,0.34620498594251403
2022/8/12,419,label,34198,3076,0,4,18,32,29,15,2,100,0,0,0,3,0,0,1,1,7,1.921928094887362,20.65534436493738,5.258573820165518,6,0,0,0.066629526,0.017270195,0.075766017,0.022284123,1,0.44998041689395907,3.838376805622591,-0.424712241,4.43,-0.3649797504169
2022/8/11,418,glean,37301,3243,0,6,23,37,24,8,1,99,0,0,0,3,0,0,2,2,6,2.321928094887362,15.13001558687991,4.354462505347698,4,0,0,0.066183844,0.028412256,0.075766017,0.044568245,0,0.3870445340871811,1.768955396864122,-0.738963604,4.1,0.48260219892091344
2022/8/10,417,cling,37654,3312,0,4,20,34,27,13,2,100,0,0,0,4,0,0,1,2,8,2.321928094887362,18.53578088578088,2.934904195,9,0,0,0.04724234,0.028412256,0.084679666,0.019498607,1,0.36247908174991605,3.402423852443709,-0.500219524,4.35,0.212038529078572
2022/8/9,416,patty,36223,3019,0,2,16,39,29,12,1,99,1,0,0,4,1,1,1,3,10,1.921928094887362,14.26521476855328,3.544622691,20,0,0,0.060612813,0.033983287,0.08913649,0.036211699,0,0.3581315279006958,4.043882589963898,-0.452229381,4.38,0.6732659534488175
2022/8/8,415,unfit,35516,3187,0,3,24,38,25,9,1,100,1,1,0,3,0,0,1,2,8,2.321928094887362,35.83113810741688,2.898810395,5,0,1,0.046462396,0.018384401,0.0545961,0.011142061,0,0.2768061175942421,3.194924129136404,-0.655155838,4.18,1.2095577512487499
2022/8/7,414,smear,36223,3190,0,2,16,39,29,12,2,100,0,0,0,3,0,0,2,2,7,2.321928094887362,20.13540074094154,3.742375276565133,4,0,0,0.06908078,0.030640669,0.085236769,0.016713092,0,0.3062441885471344,3.341052164814641,-0.396431625,4.43,1.0154315127754625
2022/8/6,413,alien,38841,3395,3,17,31,29,15,4,0,99,0,1,0,2,0,0,2,1,5,2.321928094887362,12.06289514748817,4.504941209459271,3,1,0,0.071866295,0.04902507,0.09637883,0.044568245,0,0.3768604040145874,4.241224148789373,-1.347256422,3.4800000000000004,0.5497603651702905
2022/8/5,412,buggy,37350,3428,0,1,9,29,34,22,5,100,1,0,0,4,1,1,1,3,12,1.921928094887362,21.74411331199146,1.619677166154769,9,0,0,0.028746518,0.017270195,0.06183844,0.025069638,0,0.35679323971271515,3.399044111792328,0.065531552,4.920000000000001,0.6820911530463608
2022/8/4,411,rhyme,37229,3336,0,4,22,39,25,8,1,99,1,0,1,4,1,0,1,4,13,2.321928094887362,22.44406280933678,2.486067977,4,0,0,0.056155989,0.030640669,0.079108635,0.022284123,1,0.3790059447288513,3.645942581291861,-0.668979108,4.16,0.10305388300586758
2022/8/3,410,youth,38381,3327,1,5,17,31,29,15,3,101,1,0,0,3,1,0,2,2,11,2.321928094887362,46.12138811079988,2.103553390593274,5,0,0,0.051030641,0.033983287,0.071309192,0.005571031,1,0.428852578997612,4.225827305975702,-0.390496254,4.4399999999999995,-0.22565446295310765
2022/8/2,409,coyly,34909,3380,0,0,4,17,28,35,15,99,2,0,0,4,1,0,1,3,13,1.921928094887362,17.01557350212812,3.91227766,3,1,0,0.048802228,0.033983287,0.091922006,0.022284123,2,0.44418321549892426,1.893894133472422,0.7846522331237793,5.71,-0.5797808953980883
2022/8/1,408,quart,36662,3303,0,5,20,33,27,13,2,100,1,0,0,3,0,0,2,2,14,2.321928094887362,33.86336182114142,4.061260047616649,6,0,0,0.054818942,0.002785515,0.076880223,0.008356546,0,0.4145600587129593,3.32121792,-0.522577465,4.33,0.30115398841251956
2022/7/31,407,cramp,39250,3369,1,8,26,33,19,10,2,99,0,0,0,4,0,0,1,2,11,2.321928094887362,19.54773222482525,3.771664860857595,7,0,0,0.053816156,0.030640669,0.075766017,0.022284123,0,0.29889470934867857,3.450196634,-0.817968845,4.04,1.0638968743073711
2022/7/30,406,bluff,37353,3171,0,2,14,42,31,10,1,100,2,0,0,4,0,1,1,2,13,1.921928094887362,49.74714285714285,2.380362815821457,4,0,0,0.030417827,0.017270195,0.054038997,0.008356546,0,0.391175639629364,3.794261262128892,-0.426662028,4.380000000000001,0.4553600613187778
2022/7/29,405,upset,37791,3213,0,5,30,38,20,6,1,100,0,1,0,3,0,0,1,2,7,2.321928094887362,27.70790973435059,3.619117827667911,5,0,0,0.059052925,0.035654596,0.064623955,0.022284123,0,0.41086397171020506,4.871732011747564,-0.874179482,3.97,0.32552744236821074
2022/7/28,404,stomp,40650,3490,0,7,26,32,21,11,2,99,0,0,0,4,0,0,1,2,9,2.321928094887362,21.73408123,3.399064015,6,0,0,0.052367688,0.030640669,0.076880223,0.022284123,0,0.3465791016817093,3.428554709300867,-0.743874788,4.13,0.7494472035966535
2022/7/27,403,motto,38384,3285,0,1,11,36,36,14,1,99,0,0,1,3,0,1,1,2,7,1.521928094887362,19.70745204686381,2.707106781186547,3,0,0,0.064735376,0.030640669,0.067966574,0.030640669,0,0.38295355439186096,3.708474649482741,-0.249040842,4.56,0.5095797308792385
2022/7/26,402,cinch,39171,3507,0,2,15,24,22,25,13,101,0,0,0,4,0,0,1,3,12,1.921928094887362,15.78818320504819,3.593967398012269,10,0,0,0.044791086,0.038997214,0.065738162,0.052924791,0,0.3112128973007202,3.554285231874889,0.2743610739707947,5.16,0.9826658895813877
2022/7/25,401,elope,39228,3339,0,4,22,32,26,13,2,99,0,1,1,2,0,0,1,1,7,1.921928094887362,20.28408545335943,3.770690632574555,3,0,0,0.075431755,0.035654596,0.101949861,0.022284123,0,0.3709137201309204,3.124343054850696,-0.535997868,4.32,0.5889751416946531
2022/7/24,400,power,39813,3401,2,6,19,29,24,15,4,99,1,0,0,3,0,0,1,1,10,2.321928094887362,22.61077828097872,2.5,16,1,0,0.060724234,0.016713092,0.087465181,0.013927577,0,0.4073298960924149,5.172704874676883,-0.461603582,4.37,0.34883252941890835
2022/7/23,399,midge,36769,3111,0,2,18,39,28,10,2,99,0,0,1,3,0,0,1,2,9,2.321928094887362,18.16613410760373,2.892788867148091,6,0,0,0.049693593,0.028412256,0.080222841,0.033426184,0,0.32600084245204924,3.308867481,-0.457179904,4.359999999999999,0.885148352798131
2022/7/22,398,tryst,43099,3665,0,3,26,41,23,6,1,100,1,0,0,5,1,0,0,5,8,1.921928094887362,18.13337980272763,2.571345821,3,0,0,0.060501393,0.033983287,0.079665738,0.022284123,0,0.33402360081672666,2.614053436878379,-0.74314785,4.08,0.8322431231719378
2022/7/21,397,aphid,39086,3367,0,6,24,36,23,9,2,100,0,1,0,3,0,0,1,2,11,2.321928094887362,51.70329757199322,5.128394563711913,2,0,0,0.050027855,0.030083565,0.046796657,0.005571031,0,0.3488703519105911,1.990804146480479,-0.695949614,4.1499999999999995,0.7343377968340413
2022/7/20,396,trite,42237,3685,0,4,14,22,22,23,15,100,0,0,1,3,0,0,1,2,5,1.921928094887362,9.608512958786932,2.5,9,0,0,0.075766017,0.056824513,0.1175487465181058,0.075208914,6,0.5480138719081878,2.904617998864195,0.3392655849456787,5.21,-1.7932367023706413
2022/7/19,395,angry,39667,3358,0,5,27,38,21,7,1,99,1,1,0,4,1,0,1,4,9,2.321928094887362,18.70676109524269,2.481861659584744,2,0,0,0.054930362,0.028412256,0.073537604,0.025069638,2,0.48340875208377837,4.770256329884541,-0.815406382,4.03,-0.8384495385133026
2022/7/18,394,flock,42574,3548,0,4,22,37,27,9,1,100,2,0,0,4,0,0,1,2,14,2.321928094887362,14.67560754158123,4.355893708482386,8,0,0,0.042785515,0.018384401,0.083008357,0.044568245,2,0.4234589546918869,3.668411099200972,-0.62697655,4.199999999999999,-0.44311695427071396
2022/7/17,393,wacky,39611,3345,0,3,18,39,27,10,2,99,3,0,0,4,1,0,1,3,17,2.321928094887362,23.99346268810555,2.746342257741365,5,0,0,0.039665738,0.016713092,0.071309192,0.025069638,8,0.5425292879343033,3.509318086358366,-0.49429667,4.33,-1.913901761852951
2022/7/16,392,roomy,38769,3280,0,2,17,41,28,10,2,100,1,0,0,3,1,1,2,2,10,1.921928094887362,14.61889284944747,2.516123775561495,5,0,0,0.057493036,0.030640669,0.099164345,0.036211699,1,0.4071332305669785,2.614053436878379,-0.446670115,4.369999999999999,-0.08242852197088002
2022/7/15,391,wedge,39234,3353,0,2,11,32,37,17,2,101,1,0,1,3,0,0,1,2,10,1.921928094887362,20.54595341872739,1.559016994374947,8,0,0,0.056044568,0.016713092,0.077994429,0.030640669,0,0.39638387858867646,3.371015388192085,-0.178146064,4.6499999999999995,0.42101488157315947
2022/7/14,390,liver,40549,3388,0,4,16,26,25,20,8,99,1,0,0,3,0,0,1,1,8,2.321928094887362,21.34101206680074,2.280604373718116,22,1,0,0.062061281,0.013927577,0.067966574,0.022284123,5,0.5091244459152222,4.155157002264916,-0.065516829,4.81,-1.440586896980713
2022/7/13,389,bland,46246,3727,0,7,31,38,18,4,0,98,0,0,0,4,0,0,1,2,8,2.321928094887362,13.32082971292274,5.096100699844706,8,0,0,0.049470752,0.017270195,0.084122563,0.055710306,0,0.36683096289634703,3.040022169150661,-1.050200105,3.8,0.6158984515071616
2022/7/12,388,night,46910,3870,1,8,27,27,17,13,7,100,0,0,0,4,0,0,1,3,9,2.321928094887362,42.57705314009662,2.101229586821916,12,0,0,0.04913649,0.028412256,0.04902507,0.011142061,2,0.4991203933954239,5.936951708951002,-0.541552782,4.32,-0.9420582917142861
2022/7/11,387,madam,40545,3430,0,3,13,35,34,14,2,101,0,0,0,3,0,0,1,1,10,1.521928094887362,23.64243855606759,4.041381265149109,0,0,0,0.053704735,0.030083565,0.065738162,0.019498607,0,0.3078749567270279,4.643050487483801,-0.288496137,4.53,1.0046775848740301
2022/7/10,386,berth,41785,3494,0,7,24,35,24,9,1,100,0,0,0,4,0,0,1,3,10,2.321928094887362,15.99354497354497,1.560660171779821,5,0,0,0.061169916,0.017270195,0.064066852,0.055710306,1,0.4027234226465225,2.904617998864195,-0.759346366,4.09,-0.0533485110775806
2022/7/9,385,stead,47094,3933,1,6,20,27,28,16,3,101,0,0,0,3,0,0,2,2,6,2.321928094887362,14.83587693141773,2.349586409417042,9,0,0,0.068523677,0.030083565,0.081337047,0.038997214,0,0.26558755040168763,3.032196831638704,-0.461416304,4.390000000000001,1.2835374034357239
2022/7/8,384,voice,42806,3484,1,5,24,35,25,9,1,100,1,0,1,2,0,0,2,1,10,2.321928094887362,19.76883699799642,3.442582403567252,1,0,0,0.057381616,0.013927577,0.1075208913649025,0.016713092,3,0.4634981870651245,4.934793021554251,-0.709605277,4.109999999999999,-0.8866791942823857
2022/7/7,383,agape,43407,3671,0,2,18,36,27,15,3,101,0,1,1,2,0,0,1,1,8,1.921928094887362,50.0926148,6.013846284534354,4,0,0,0.068746518,0.028412256,0.085793872,0.005571031,0,0.30740139484405515,,-0.353716373,4.5,1.0078004385138946
2022/7/6,382,fluff,47344,4049,0,0,4,25,44,23,4,100,3,0,0,4,0,1,1,2,14,1.370950594454669,49.42077922077922,2.599586409417042,4,0,0,0.030640669,0.018384401,0.055153203,0.008356546,0,0.3807070076465607,3.155157002264916,0.2447139620780945,5.0600000000000005,0.5243943452579263
2022/7/5,381,field,44578,3604,1,6,25,36,23,9,1,101,1,0,0,3,0,0,2,2,9,2.321928094887362,15.36037549407115,5.301467039,6,0,0,0.054038997,0.018384401,0.066295265,0.055710306,0,0.39780847132205965,4.845838463156363,-0.771990716,4.06,0.41162055579921175
2022/7/4,380,sever,42645,3591,0,2,13,27,29,21,7,99,1,0,0,3,0,0,1,1,8,1.921928094887362,16.66832486482965,1.721587379343169,12,1,0,0.068523677,0.013927577,0.091922006,0.022284123,0,0.30211455523967745,3.200319161,0.041209817,4.8999999999999995,1.042663941881754
2022/7/3,379,lilac,40486,3461,0,2,17,38,29,12,1,99,0,0,0,3,0,0,1,1,7,1.921928094887362,33.29872286354755,3.266123775561495,0,0,0,0.061949861,0.039554318,0.045125348,0.013927577,0,0.4054813295602798,2.893894133472422,-0.46273917,4.37,0.361022705467646
2022/7/2,378,egret,41765,3515,0,3,14,33,33,15,2,100,0,1,0,3,0,0,1,2,6,1.921928094887362,49.90063700707786,1.662570384968221,0,0,0,0.076100279,0.028412256,0.067409471,0.005571031,1,0.3713716328144073,1.768955396864122,-0.301279902,4.529999999999999,0.15339754369118846
2022/7/1,377,pinto,47248,3792,0,5,25,41,22,6,1,100,0,0,1,3,0,0,1,2,7,2.321928094887362,18.55174937783634,2.766123775561495,6,0,0,0.057604457,0.035654596,0.059610028,0.030640669,0,0.45748633444309234,2.935286818630647,-0.792112827,4.04,0.01808121328086082
2022/6/30,376,hutch,44212,3758,0,1,12,28,28,21,9,99,0,0,0,4,0,0,1,3,13,1.921928094887362,23.64282643053541,2.351229586821916,9,0,0,0.045125348,0.035654596,0.044568245,0.030640669,0,0.33451020419597627,3.559005870547474,0.1561554670333862,5.01,0.8290342687672699
2022/6/29,375,gawky,45645,3957,0,1,5,22,33,28,10,99,3,0,0,4,1,0,1,3,16,2.321928094887362,28.07194159481975,3.433261017542776,5,0,0,0.037437326,0.016713092,0.072423398,0.013927577,4,0.4992814600467682,2.467925401200141,0.4614693522453308,5.33,-1.2619007489324683
2022/6/28,374,droll,47312,3844,0,2,16,31,31,17,3,100,0,0,0,4,0,1,1,2,6,1.921928094887362,15.34320720720721,1.853553390593274,4,0,0,0.060724234,0.030083565,0.08189415,0.033426184,5,0.5131925612688064,2.706807490115278,-0.248691559,4.6,-1.4674136524610732
2022/6/27,373,retro,47986,3848,0,6,24,35,24,9,1,99,0,0,1,3,0,0,1,2,5,1.921928094887362,22.61357435667781,2.25,1,0,1,0.079665738,0.072423398,0.052367688,0.030640669,4,0.4685546219348907,3.172647734425251,-0.736988425,4.109999999999999,-1.059275872038136
2022/6/26,372,rusty,50450,3954,0,9,37,34,13,5,1,99,1,0,0,4,1,0,1,3,8,2.321928094887362,22.84617171654987,3.065324293440291,10,0,0,0.053147632,0.033983287,0.063509749,0.022284123,0,0.34549474716186523,4.110060035758416,-1.163486242,3.72,0.756597864536553
2022/6/25,371,beady,46089,3670,0,3,19,39,29,10,1,101,1,0,0,3,1,0,2,2,11,2.321928094887362,18.26435927859516,2.556693191,8,0,0,0.05448468,0.017270195,0.082451253,0.022284123,0,0.3606967657804489,2.860035866211455,-0.531086683,4.290000000000001,0.656349764165133
2022/6/24,370,smite,50617,3991,0,6,23,35,24,11,2,101,0,0,1,3,0,0,1,2,7,2.321928094887362,18.64914888883462,3.083771872773144,10,0,0,0.062284123,0.030640669,0.1119777158774373,0.016713092,0,0.3543230354785919,2.768955396864123,-0.645711124,4.21,0.6983806530274735
2022/6/23,369,brink,53111,4118,0,4,22,41,24,7,1,99,1,0,0,4,0,0,1,2,11,2.321928094887362,14.41139718389718,2.825140769936442,12,0,0,0.043454039,0.017270195,0.079665738,0.044568245,1,0.38596937358379363,3.399044111792328,-0.696222782,4.13,0.057134289543052955
2022/6/22,368,awful,47645,3861,0,5,21,33,27,12,2,100,2,1,0,3,0,0,1,2,11,2.321928094887362,42.65261904761905,2.262156794385263,0,0,0,0.044345404,0.016713092,0.040111421,0.011142061,9,0.5424966007471085,4.801708427,-0.545572102,4.3,-1.9794363548413694
2022/6/21,367,gloat,53342,4194,0,8,21,31,26,12,2,100,0,0,0,3,0,0,2,2,6,2.321928094887362,11.24605181876397,4.296340843479053,7,0,0,0.065181058,0.028412256,0.1036211699164345,0.04735376,0,0.39803720116615293,3.200319161,-0.62740463,4.2299999999999995,0.4101122210876247
2022/6/20,366,input,50484,3950,0,5,30,38,21,6,1,101,0,1,0,3,0,0,1,2,7,2.321928094887362,25.27297040555352,3.075140769936442,2,0,0,0.049916435,0.035654596,0.054038997,0.027855153,0,0.3659505218267441,3.476525572962059,-0.859420717,3.98,0.6217044268142027
2022/6/19,365,loser,55359,4399,1,10,28,32,19,8,2,100,0,0,0,3,0,0,1,1,5,2.321928094887362,19.62711607362086,2.621320343559643,9,1,0,0.072534819,0.04902507,0.08356546,0.022284123,0,0.33811253011226655,4.432342185182639,-0.90867424,3.94,0.805279112357622
2022/6/18,364,cacao,47205,4101,0,1,9,27,36,23,4,100,0,0,1,2,0,0,2,1,9,1.521928094887362,20.49277044639948,3.69261542,4,0,0,0.066072423,0.039554318,0.073537604,0.025069638,1,0.4189153492450714,,0.051736474,4.91,-0.16012445469297035
2022/6/17,363,blown,54665,4251,0,6,23,35,26,10,1,101,1,0,0,4,0,0,1,2,10,2.321928094887362,25.58302380952381,4.148810395,4,0,0,0.043899721,0.016713092,0.074094708,0.013927577,0,0.3959070831537247,4.201390171385635,-0.684476078,4.16,0.4241590585287941
2022/6/16,362,apron,53430,4112,0,7,30,38,19,5,1,100,0,1,0,3,0,0,1,2,7,2.321928094887362,21.39258785332315,5.915234103400351,2,0,0,0.064401114,0.035654596,0.051253482,0.030640669,0,0.33829453885555266,3.428554709300867,-0.946139097,3.899999999999999,0.8040788749928869
2022/6/15,361,primo,55989,4391,0,3,22,38,25,10,2,100,0,0,1,3,0,0,1,2,9,2.321928094887362,18.00803725,3.766123775561495,4,0,0,0.054373259,0.030640669,0.072423398,0.030640669,0,0.36798571348190307,3.221253067858753,-0.565853596,4.27,0.6082835711738837
2022/6/14,360,atone,59968,4762,2,16,34,29,14,4,1,100,0,1,1,2,0,0,1,1,5,2.321928094887362,12.87395724823122,3.833552044,7,0,0,0.077325905,0.04902507,0.1064066852367688,0.038997214,0,0.3161056607961655,2.935286818630647,-1.295145631,3.55,0.950401079341949
2022/6/13,359,donor,53802,4142,0,3,27,38,23,7,1,99,0,0,0,3,0,0,1,1,6,1.921928094887362,16.78787358421629,4.573466270306549,4,0,0,0.060389972,0.030083565,0.076880223,0.033426184,0,0.37029596269130705,3.611980428255514,-0.741172731,4.09,0.5930488776481037
2022/6/12,358,float,56684,4323,1,12,30,32,18,6,1,100,1,0,0,3,0,0,2,2,8,2.321928094887362,10.28615877063563,4.546340843479053,4,0,0,0.063175487,0.018384401,0.1064066852367688,0.061281337,0,0.3236269950866699,3.873897505056169,-1.069936156,3.7799999999999994,0.9008024376221073
2022/6/11,357,goose,51958,4087,0,2,12,28,32,21,5,100,0,0,1,2,0,1,2,1,6,1.921928094887362,11.31457055649159,3.152096749964058,7,0,0,0.065626741,0.028412256,0.1186629526462396,0.04735376,1,0.38036519289016724,4.115308371314761,-0.030358136,4.83,0.0940904650859148
2022/6/10,356,piety,55376,4324,0,4,25,41,22,7,1,100,1,0,0,3,1,0,2,2,10,2.321928094887362,12.76137697591114,2.5,1,0,0,0.060278552,0.033983287,0.084679666,0.064066852,1,0.3873606353998184,2.768955396864123,-0.757269919,4.08,0.047959760970559304
2022/6/9,355,girth,60020,4665,0,6,23,33,23,12,3,100,0,0,0,4,0,0,1,3,9,2.321928094887362,17.18452780145875,2.394122805635369,6,0,0,0.054261838,0.028412256,0.059610028,0.04735376,0,0.3359641909599304,2.653561978162053,-0.592187285,4.27,0.8194461071744794
2022/6/8,354,trait,61026,4607,0,6,22,35,24,11,2,100,0,0,0,3,0,0,2,2,5,1.921928094887362,10.68625001138651,3.558336368008464,6,0,0,0.072980501,0.056824513,0.099721448,0.064066852,0,0.34405060708522794,3.040022169150661,-0.635201216,4.22,0.766121093193578
2022/6/7,353,flood,58991,4440,0,3,20,40,28,8,1,100,1,0,0,3,0,1,2,2,9,1.921928094887362,14.22268958492488,3.020690632574555,3,0,0,0.051810585,0.018384401,0.084122563,0.04735376,1,0.45272584855556486,3.757216993592878,-0.581325114,4.23,-0.3830842084945322
2022/6/6,352,gloom,58478,4548,0,2,14,35,35,13,1,100,0,0,0,3,0,1,2,2,8,1.921928094887362,21.84972549019608,1.957106781186547,5,0,0,0.053927577,0.028412256,0.074094708,0.019498607,0,0.3793030709028244,3.069985392528104,-0.330172002,4.4799999999999995,0.5336524572976755
2022/6/5,351,depth,56738,4329,0,6,28,39,20,6,1,100,0,0,0,4,0,0,1,3,11,2.321928094887362,19.92544973544974,3.603553390593274,2,0,0,0.055933148,0.030083565,0.056267409,0.033426184,0,0.3720151335000992,3.917146593106134,-0.875517845,3.97,0.581711987981048
2022/6/4,350,froth,58263,4432,0,5,22,35,25,11,1,99,1,0,0,4,0,0,1,2,11,2.321928094887362,12.88943616343616,2.853553390593274,5,0,0,0.055710306,0.018384401,0.086908078,0.055710306,0,0.35006710290908816,2.333226827302685,-0.653882205,4.2,0.7264459492296536
2022/6/3,349,peach,65431,4957,1,13,38,32,13,3,0,100,0,0,0,3,0,0,2,2,12,2.321928094887362,14.72473965500201,3.658603404,8,0,0,0.061058496,0.035654596,0.074094708,0.052924791,3,0.4738587260246277,3.803717503123334,-1.343419194,3.5200000000000005,-0.9550006702372051
2022/6/2,348,showy,61278,4770,0,2,16,37,30,13,2,100,2,0,0,4,1,0,1,2,14,2.321928094887362,20.84490683546145,4.540569415042095,3,0,0,0.042562674,0.016713092,0.1047353760445683,0.013927577,0,0.3927587032318115,2.495954124800384,-0.369187832,4.46,0.4449207161966442
2022/6/1,347,creak,63241,4797,0,5,21,32,25,14,3,100,1,0,0,3,0,0,2,2,11,2.321928094887362,13.31326048188951,3.118033988749895,7,0,0,0.064958217,0.019498607,0.08189415,0.044568245,0,0.35740689039230344,2.723197906303447,-0.494322062,4.369999999999999,0.6780444986865801
2022/5/31,346,manor,62768,4802,0,6,27,34,21,10,2,100,0,0,0,3,0,0,1,1,7,2.321928094887362,14.48253044696139,4.946833329838748,4,0,0,0.063398329,0.030640669,0.079665738,0.04735376,1,0.40052574276924136,3.534872190830754,-0.744511664,4.12,-0.03885614408017351
2022/5/30,345,atoll,60969,4741,0,6,28,36,21,8,1,100,0,1,0,3,0,1,1,2,5,1.921928094887362,15.11219047619047,2.280776406404415,0,0,0,0.071977716,0.062395543,0.077994429,0.038997214,0,0.3553617030382156,2.738992173486679,-0.835789084,4.0200000000000005,0.6915312699039448
2022/5/29,344,bayou,56839,4435,0,6,17,33,29,13,2,100,1,0,1,2,1,0,2,1,10,2.321928094887362,90.08436274509803,3.555531284802611,1,0,0,0.049916435,0.017270195,0.052367688,0.002785515,0,0.38863626420497893,3.130683232881715,-0.483888149,4.36,0.4721057033819495
2022/5/28,343,crept,60069,4562,0,4,27,38,22,7,1,99,0,0,0,4,0,0,1,2,9,2.321928094887362,17.04550101484884,3.809016994374947,6,0,0,0.064958217,0.035654596,0.085793872,0.022284123,1,0.4012563019990921,3.062686153786604,-0.778289557,4.0600000000000005,-0.043673739482393226
2022/5/27,342,tiara,63846,4842,0,8,36,33,17,6,1,101,0,0,1,2,0,0,2,1,5,1.921928094887362,17.63847975237188,4.098905783050559,1,0,0,0.076211699,0.056824513,0.074651811,0.025069638,0,0.32128061056137086,3.255621969490015,-1.038078785,3.83,0.9162754216582262
2022/5/26,341,asset,63188,4733,0,7,28,34,21,8,1,99,0,1,0,3,0,1,1,2,5,1.921928094887362,32.71992272136357,1.103553390593274,2,0,0,0.072311978,0.04902507,0.071866295,0.011142061,1,0.4235136240720749,3.579635872074686,-0.858147144,4.0,-0.19044729062406893
2022/5/25,340,vouch,62723,4835,0,2,9,25,33,24,6,99,1,0,0,3,0,0,2,2,13,2.321928094887362,23.30774288662834,3.754894605575616,5,0,0,0.040445682,0.013927577,0.06908078,0.016713092,0,0.3378128528594971,3.395637863100417,0.1239414215087891,4.99,0.8072553022353228
2022/5/24,339,album,63380,4809,0,5,26,35,24,9,1,100,0,1,0,3,0,0,1,2,9,2.321928094887362,30.68595238095238,4.237883187590963,2,0,0,0.046908078,0.017270195,0.052924791,0.019498607,7,0.5556151121854782,4.010335831011734,-0.735650122,4.109999999999999,-1.926692433976462
2022/5/23,338,hinge,66431,4906,0,5,25,37,22,9,2,100,0,0,1,3,0,0,1,2,9,2.321928094887362,18.24181263197791,2.178694160529716,8,0,0,0.055153203,0.028412256,0.081337047,0.030640669,0,0.33378064036369326,2.768955396864123,-0.698860347,4.15,0.8338453001257409
2022/5/22,337,money,67909,4928,1,7,26,36,21,8,1,100,1,0,0,3,1,0,1,1,10,2.321928094887362,11.25465583199913,3.259882418918542,11,0,0,0.058050139,0.030640669,0.1036211699164345,0.055710306,5,0.5401995778083801,5.806116190004838,-0.846860945,3.99,-1.6455085602966766
2022/5/21,336,scrap,66814,4973,1,9,28,34,20,8,1,101,0,0,0,4,0,0,1,3,9,2.321928094887362,30.64897216951297,3.966986085,11,0,0,0.057493036,0.035654596,0.064066852,0.013927577,0,0.35742291510105134,3.642082160478623,-0.927355289,3.92,0.6779388254433558
2022/5/20,335,gamer,69884,5238,1,4,17,28,26,18,6,100,0,0,0,3,0,0,1,1,8,2.321928094887362,19.69770161552993,3.888724621,7,1,0,0.064958217,0.028412256,0.08356546,0.019498607,0,0.301878622174263,2.136932182158717,-0.207566738,4.640000000000001,1.0442197774728048
2022/5/19,334,glass,70920,5162,0,4,19,33,27,14,3,100,0,0,0,4,0,1,1,2,6,1.921928094887362,34.79979036011868,3.25,5,0,0,0.055487465,0.028412256,0.070752089,0.008356546,2,0.46963722407817843,4.782775347501246,-0.421426892,4.43,-0.7476346568576828
2022/5/18,333,scour,73933,5544,0,8,34,35,17,5,1,100,0,0,0,3,0,0,2,2,7,2.321928094887362,26.43527170868348,3.184692220677463,6,0,0,0.0545961,0.035654596,0.084122563,0.013927577,0,0.3246521383523941,2.796984120464366,-1.040053844,3.82,0.8940422390211286
2022/5/17,332,being,70722,5142,0,4,22,37,26,10,1,100,0,0,0,3,0,0,2,2,8,2.321928094887362,20.80478521478522,3.017766952966369,1,0,0,0.050807799,0.017270195,0.069637883,0.019498607,18,0.5669400513172149,5.685970494786348,-0.629250348,4.209999999999999,-2.541174500811163
2022/5/16,331,delve,68349,5179,0,2,14,32,33,16,2,99,1,0,1,3,0,0,1,2,9,1.921928094887362,24.68895846923244,3.604462505347699,3,0,0,0.062284123,0.013927577,0.073537604,0.025069638,0,0.3219800561666489,2.467925401200141,-0.251678228,4.58,0.9116630017552179
2022/5/15,330,yield,67115,4963,0,4,16,29,29,18,4,100,1,0,0,3,1,0,2,2,9,2.321928094887362,47.99673913043478,4.770690632574555,4,0,0,0.057158774,0.030083565,0.055153203,0.005571031,2,0.4137618005275726,3.607804487601378,-0.254642367,4.61,-0.37917009902920396
2022/5/14,329,metal,73225,5290,1,10,31,34,18,7,1,102,0,0,0,3,0,0,1,1,7,2.321928094887362,16.98515833628737,4.648810395,9,0,0,0.071309192,0.030640669,0.064623955,0.036211699,2,0.4662187993526459,4.288783390639841,-1.012735486,3.8399999999999994,-0.7250922173570227
2022/5/13,328,tipsy,77585,5522,0,6,33,38,17,5,1,100,1,0,0,4,1,0,1,3,10,2.321928094887362,15.37258637842489,4.296340843479053,2,0,0,0.049582173,0.033983287,0.076880223,0.038997214,0,0.4070272117853165,2.823313059186715,-0.984828115,3.87,0.3508285489976346
2022/5/12,327,slung,75673,5419,0,2,16,37,31,13,2,101,0,0,0,4,0,0,1,2,6,2.321928094887362,18.70033397974574,3.221587379343169,9,0,0,0.044902507,0.028412256,0.085793872,0.019498607,0,0.4260180860757828,2.522283063522734,-0.354429007,4.47,0.22559524151540383
2022/5/11,326,farce,79446,5688,0,9,26,32,21,9,1,98,1,0,1,3,0,0,1,2,10,2.321928094887362,13.11197870922637,2.599586409417042,5,0,0,0.064735376,0.018384401,0.1013927576601671,0.052924791,0,0.3513475865125656,3.246076651583785,-0.87986809,3.99,0.7180019358373504
2022/5/10,325,gecko,74412,5489,0,2,16,38,29,12,2,99,1,0,1,3,0,0,1,2,12,2.321928094887362,27.82013835837365,2.687325263366418,1,0,0,0.05281337,0.019498607,0.042339833,0.025069638,0,0.35906608402729034,2.592864137808441,-0.396431625,4.43,0.6671031221346231
2022/5/9,324,shine,88932,6146,1,14,32,30,17,6,1,101,0,0,1,3,0,0,1,2,8,2.321928094887362,8.960519000204737,3.167511594427492,19,0,0,0.059275766,0.038997214,0.1264623955431755,0.072423398,1,0.4086894989013672,4.314674753020988,-1.139920592,3.72,-0.09269116853808948
2022/5/8,323,canny,72518,5256,0,2,10,30,34,20,4,100,1,0,0,4,1,1,1,3,10,1.921928094887362,11.02017462351313,2.333771872773144,10,0,0,0.052033426,0.033983287,0.099721448,0.064066852,1,0.4204309105873108,2.371015388192085,-0.048103631,4.800000000000001,-0.1701186633153786
2022/5/7,322,midst,74458,5233,0,3,25,39,24,9,1,101,0,0,0,4,0,0,1,3,8,2.321928094887362,17.51957839262187,2.874341287815239,1,0,0,0.047799443,0.030083565,0.068523677,0.033426184,0,0.40930778086185454,3.53734681,-0.680424511,4.16,0.3357895779619548
2022/5/6,321,badge,76292,5482,0,4,20,35,26,12,2,99,0,0,1,3,0,0,1,2,9,2.321928094887362,16.54022831050228,2.589793400779363,9,0,0,0.053370474,0.017270195,0.094150418,0.033426184,1,0.41914636492729185,4.183371599817025,-0.527463257,4.319999999999999,-0.16164786312178892
2022/5/5,320,homer,85979,6313,0,3,16,26,24,19,12,100,0,0,0,3,0,0,1,1,10,2.321928094887362,21.91345473495952,2.865710184978537,9,1,0,0.064178273,0.030640669,0.08189415,0.019498607,3,0.47979212999343873,3.824588521136958,0.1527884006500244,5.0,-0.9941278737707163
2022/5/4,319,train,107750,7243,6,26,32,22,10,3,0,99,0,0,0,3,0,0,2,2,5,2.321928094887362,13.61288044616912,3.515443149195011,9,0,0,0.068300836,0.04902507,0.083008357,0.044568245,1,0.4514682799577713,4.977486326259984,-1.674467325,3.1300000000000003,-0.3747913056782283
2022/5/3,318,hairy,85817,5941,1,8,24,33,23,10,1,100,1,0,0,3,1,0,2,2,11,2.321928094887362,13.59609243383874,4.517766952966369,9,0,0,0.058607242,0.033983287,0.1008356545961003,0.030640669,3,0.45908030271530154,3.801036664475563,-0.793711782,4.050000000000001,-0.8575459242317243
2022/5/2,317,story,95643,6530,1,10,23,29,24,11,2,100,1,0,0,4,1,0,1,2,8,2.321928094887362,11.91358275724083,3.540569415042095,6,0,0,0.060835655,0.033983287,0.1075208913649025,0.038997214,4,0.4846471279859543,5.343411101,-0.744876266,4.1,-1.1653961973916778
2022/5/1,316,forgo,77658,5699,0,1,9,26,37,23,3,99,1,0,1,3,0,0,1,2,9,1.921928094887362,19.27625222816399,3.909084675395885,3,0,0,0.053927577,0.018384401,0.066852368,0.030640669,1,0.3778388828039169,2.495954124800384,0.025456309,4.880000000000001,0.11074994916167814
2022/4/30,315,larva,77991,5749,0,2,10,25,35,23,4,99,1,0,1,3,0,0,1,2,8,1.921928094887362,25.76668803418803,4.08113883,2,0,0,0.065626741,0.013927577,0.055710306,0.025069638,1,0.41017580032348633,2.437962177822698,0.018868804,4.88,-0.10249242571880629
2022/4/29,314,trash,106652,7001,2,19,34,27,13,4,1,100,0,0,0,4,0,0,1,2,8,2.321928094887362,12.85727768,2.290569415042095,5,0,0,0.064735376,0.038997214,0.084679666,0.055710306,2,0.46005056500434877,4.351397560045728,-1.376978397,3.4799999999999995,-0.6844164497779314
2022/4/28,313,zesty,88974,6315,0,2,12,27,30,22,7,100,2,0,0,4,1,0,1,3,17,2.321928094887362,87.46385109599395,2.101229586821916,5,0,0,0.052144847,0.002785515,0.062952646,0.002785515,2,0.44968443512916567,2.246076651583785,0.064204514,4.93,-0.6160581051222959
2022/4/27,312,shown,98967,6564,0,6,26,36,22,8,1,99,1,0,0,4,0,0,1,2,11,2.321928094887362,23.86710071301248,4.658603403791989,3,0,0,0.045571031,0.016713092,0.086350975,0.013927577,1,0.49089527130126953,4.151572708341607,-0.800010741,4.05,-0.634788420845185
2022/4/26,311,heist,103153,6830,1,13,32,31,16,6,1,100,0,0,0,3,0,0,2,2,8,2.321928094887362,15.54788255223038,4.351829462658745,5,0,0,0.063955432,0.038997214,0.084122563,0.030640669,1,0.39214111864566803,3.498660018176309,-1.142831326,3.7199999999999993,0.016435370935410587
2022/4/25,310,askew,91548,6549,0,3,13,29,32,19,4,100,2,1,0,3,0,0,1,2,12,2.321928094887362,64.06738649,3.274754878398196,1,0,0,0.055264624,0.016713092,0.045682451,0.008356546,0,0.3032646894454956,2.467925401200141,-0.143993735,4.71,1.0350795037753229
2022/4/24,309,inert,97452,6743,0,7,27,34,22,9,1,100,0,1,0,3,0,0,1,2,5,2.321928094887362,17.83359437928095,2.108494600052545,3,0,0,0.071086351,0.04902507,0.073537604,0.027855153,0,0.3569639325141907,2.570587743097289,-0.820393503,4.04,0.6809655374604097
2022/4/23,308,olive,95562,6482,1,6,25,34,23,10,1,100,1,1,1,2,0,0,1,1,8,2.321928094887362,29.45490363517761,2.280604373718116,5,0,0,0.061949861,0.013927577,0.09637883,0.011142061,1,0.45777134895324706,3.867021987072121,-0.75950563,4.080000000000001,-0.41635622604571243
2022/4/22,307,plant,119232,7731,2,19,39,28,10,3,0,101,0,0,0,4,0,0,1,2,7,2.321928094887362,10.82343840857491,4.187325263366418,6,0,0,0.061615599,0.035654596,0.1002785515320334,0.064066852,0,0.3760456532239914,4.440745135253817,-1.531576633,3.3400000000000003,0.5551331528955676
2022/4/21,306,oxide,97955,6960,0,2,11,30,33,21,4,101,1,1,1,2,0,0,1,1,13,2.321928094887362,43.90037983,4.925921180802515,2,0,0,0.053481894,0.003899721,0.074651811,0.011142061,1,0.4177182108163834,3.084225831642714,-0.075646222,4.79,-0.15223005222125563
2022/4/20,305,cargo,102007,6796,0,5,20,34,27,12,2,100,0,0,1,3,0,0,1,2,8,2.321928094887362,18.27636363636364,2.733916206414731,8,0,0,0.061058496,0.028412256,0.071309192,0.030640669,3,0.4893409252166748,3.954591973826034,-0.535062313,4.31,-1.0570963917012839
2022/4/19,304,foyer,108899,8198,0,2,10,19,19,23,26,99,2,0,0,3,1,0,1,1,11,2.321928094887362,17.36767551,3.024754878398196,6,1,0,0.060724234,0.018384401,0.088579387,0.022284123,0,0.3906356394290924,2.954591973826034,1.051317572593689,5.859999999999999,0.4589210353996305
2022/4/18,303,flair,112383,7341,1,8,30,36,18,6,1,100,1,0,0,3,0,0,2,2,8,2.321928094887362,11.81609531688399,6.017766952966369,3,0,0,0.060167131,0.018384401,0.091922006,0.061281337,0,0.4033984184265137,3.360020003890622,-0.980504453,3.859999999999999,0.3747582421513913
2022/4/17,302,ample,106681,7008,0,4,20,35,27,11,2,99,0,1,1,3,0,0,1,3,9,2.321928094887362,23.63475212002609,4.296322474608381,4,0,0,0.063955432,0.030640669,0.080779944,0.016713092,1,0.35844586789608,3.264961995744159,-0.525189281,4.31,0.2386351303183899
2022/4/16,301,cheek,107987,7035,0,3,19,40,28,9,1,100,1,0,0,3,0,1,2,2,14,1.921928094887362,12.90211592670895,2.855893708482386,7,0,0,0.060612813,0.019498607,0.086350975,0.044568245,0,0.4044306844472885,3.855315228,-0.558330357,4.260000000000001,0.36795107329724064
2022/4/15,300,shame,129991,8522,1,11,22,25,21,15,5,100,0,0,1,3,0,0,1,2,10,2.321928094887362,11.02359646537523,4.888724621,9,0,0,0.061949861,0.030640669,0.1197771587743733,0.04178273,3,0.47768153846263883,4.618374810661022,-0.583667874,4.29,-0.9802098016428445
2022/4/14,299,mince,113448,7356,0,6,24,35,24,10,1,100,0,0,1,3,0,0,1,2,9,2.321928094887362,14.59598727312624,2.516123775561495,5,0,0,0.055710306,0.030640669,0.088022284,0.052924791,0,0.3706061154603958,2.738992173486679,-0.724503577,4.129999999999999,0.5910036080884365
2022/4/13,298,chunk,123255,7835,1,4,29,42,18,5,1,100,1,0,0,4,0,0,1,2,14,2.321928094887362,14.16483932733933,2.262156794385263,5,0,0,0.036545961,0.019498607,0.075766017,0.044568245,1,0.3870707005262375,3.618170003073211,-0.89304781,3.93,0.049871705761390175
2022/4/12,297,royal,114907,7275,1,5,24,36,23,9,1,99,1,0,0,3,1,0,1,1,8,2.321928094887362,21.21371575925655,5.274754878398197,6,0,0,0.066740947,0.033983287,0.070752089,0.022284123,1,0.3962246924638748,4.365918831172704,-0.739122868,4.09,-0.010493323751310998
2022/4/11,296,squad,109828,7236,0,3,20,33,27,14,2,99,1,0,0,3,0,0,2,2,15,2.321928094887362,45.77825788379868,3.874244023167829,5,0,0,0.041225627,0.002785515,0.073537604,0.005571031,1,0.41201872527599337,4.332040769719171,-0.465376616,4.390000000000001,-0.11464539896869255
2022/4/10,295,black,126241,7894,1,10,31,34,18,6,1,101,1,0,0,4,0,0,1,2,13,2.321928094887362,15.23573861980533,4.864548279177558,11,0,0,0.04545961,0.017270195,0.077994429,0.044568245,2,0.47316887974739075,5.224612212,-1.035730124,3.81,-0.7709237858139975
2022/4/9,294,stair,134210,8537,2,21,36,26,11,4,1,101,0,0,0,3,0,0,2,2,5,2.321928094887362,13.37934970955015,4.589112774412879,5,0,0,0.068300836,0.04902507,0.092479109,0.038997214,0,0.34201152324676515,3.136932182158717,-1.461721539,3.41,0.779567615424124
2022/4/8,293,scare,141158,9010,1,12,23,26,21,13,4,100,0,0,1,3,0,0,1,2,7,2.321928094887362,20.89703429,1.953139800010316,15,0,0,0.07086351,0.039554318,0.1119777158774373,0.013927577,0,0.3796458214521408,4.525591505,-0.697303176,4.170000000000001,0.5313922251316505
2022/4/7,292,foray,117761,7575,0,2,14,31,31,19,4,101,2,0,0,3,1,0,1,1,11,2.321928094887362,12.04291465559831,4.590079171838488,6,0,0,0.057938719,0.018384401,0.09637883,0.055710306,0,0.3118503332138062,2.653561978162053,-0.14690429,4.71,0.9784623860205334
2022/4/6,291,comma,117856,7560,0,2,13,33,33,17,3,101,0,0,1,3,0,1,1,2,11,1.921928094887362,26.60518801459978,3.808936243845293,2,0,0,0.05270195,0.030640669,0.064066852,0.019498607,0,0.29453069567680357,2.999404318242396,-0.187644422,4.65,1.0926748998825782
2022/4/5,290,natal,121356,7702,0,2,14,32,32,17,3,100,0,0,0,3,0,0,1,1,5,1.921928094887362,24.29337262200165,5.336307691207026,7,0,0,0.072200557,0.04902507,0.067966574,0.016713092,0,0.31876360476016996,2.069985392528103,-0.212913215,4.629999999999999,0.9328735496124823
2022/4/4,289,shawl,129651,7943,0,3,16,31,30,16,3,99,1,0,0,4,0,0,1,2,11,2.321928094887362,22.60503482153961,4.371320343559643,7,0,0,0.051142061,0.016713092,0.086908078,0.013927577,2,0.48809742331504824,3.143092490863535,-0.298293233,4.550000000000001,-0.8693684839503477
2022/4/3,288,fewer,124532,7931,0,2,10,24,32,26,6,100,2,0,0,3,0,0,1,1,11,1.921928094887362,23.90911809121111,1.103553390593274,6,1,0,0.062952646,0.016713092,0.074094708,0.013927577,9,0.5286609679460526,3.476525572962059,0.1088836789131165,5.000000000000001,-1.8881987409072019
2022/4/2,287,trope,155079,9315,1,16,33,28,15,6,1,100,0,0,1,3,0,0,1,2,7,2.321928094887362,15.72843551770949,3.5,6,0,0,0.071866295,0.035654596,0.1103064066852368,0.022284123,0,0.3080503851175308,,-1.235173702,3.64,1.003520740948209
2022/4/1,286,snout,144648,8913,1,4,19,27,26,18,5,100,0,0,0,3,0,0,2,2,5,2.321928094887362,15.80824211,2.932164225270412,9,0,0,0.056044568,0.035654596,0.096935933,0.027855153,0,0.4426379829645157,2.935286818630647,-0.284384012,4.57,0.11599709318610174
2022/3/31,285,lowly,135219,8469,0,2,9,26,32,24,8,101,2,0,0,4,1,0,1,3,11,1.921928094887362,25.74789284944747,4.558336368008463,3,1,0,0.049916435,0.016713092,0.079108635,0.013927577,0,0.37281703054904936,3.236316814294629,0.1912604570388794,5.06,0.5764239628925619
2022/3/30,284,stove,158139,9318,0,5,16,24,27,21,6,99,1,0,1,3,0,0,1,2,8,2.321928094887362,16.13597620966195,3.695877611200668,10,0,0,0.062395543,0.013927577,0.1103064066852368,0.027855153,2,0.4266917437314987,3.880665867738667,-0.142708778,4.74,-0.46443523891788974
2022/3/29,283,shall,149070,8494,0,3,17,30,28,17,4,99,0,0,0,4,0,1,1,2,8,1.921928094887362,11.23670148820628,4.25,11,0,0,0.060278552,0.038997214,0.097493036,0.066852368,0,0.41874171793460846,5.266898138239696,-0.270037949,4.590000000000001,0.2735784799298169
2022/3/28,282,found,173696,10613,1,6,17,22,20,21,14,101,1,0,0,3,0,0,2,2,9,2.321928094887362,13.58730367671544,3.124341287815239,8,0,0,0.041448468,0.018384401,0.08189415,0.055710306,6,0.5095262408256531,5.597121007620586,0.1430016756057739,5.0,-1.5394340988727389
2022/3/26,280,epoxy,149507,9376,0,2,13,31,33,18,3,100,2,1,0,3,1,0,1,2,17,2.321928094887362,52.50857884972171,4.938061461070024,0,0,0,0.050027855,0.003899721,0.067966574,0.005571031,1,0.4152021825313568,2.291834142,-0.175159574,4.67,-0.1356383703937949
2022/3/25,279,depot,150197,8562,0,5,29,36,20,7,1,98,0,0,0,3,0,0,1,1,8,2.321928094887362,19.46058945317257,3.25,2,0,0,0.062952646,0.030083565,0.065181058,0.033426184,0,0.348185133934021,3.470811089437629,-0.861694515,3.99,0.7388563941476594
2022/3/24,278,chest,169066,9318,1,14,35,31,14,5,1,101,0,0,0,4,0,0,1,2,10,2.321928094887362,11.56935441370224,2.725261635719558,5,0,0,0.060501393,0.038997214,0.091364903,0.061281337,4,0.5046535313129425,4.612188174962132,-1.228211403,3.64,-1.2973263034595184
2022/3/23,277,purge,156785,8555,1,4,22,35,26,11,2,101,0,0,1,3,0,0,1,2,8,2.321928094887362,16.40633018603511,2.412570384968221,9,0,0,0.055376045,0.028412256,0.083008357,0.044568245,0,0.305304554104805,3.210912234520534,-0.570701122,4.25,1.0216278325044708
2022/3/22,276,slosh,160161,8807,0,2,19,36,27,13,2,99,0,0,0,4,0,0,1,2,8,1.921928094887362,11.40700331041507,4.767766952966369,10,0,0,0.054707521,0.038997214,0.1030640668523677,0.055710306,0,0.393424192070961,2.136932182158717,-0.444993675,4.3999999999999995,0.4405322205884645
2022/3/21,275,their,173636,9200,2,14,36,30,13,4,0,99,0,0,0,3,0,0,2,2,8,2.321928094887362,12.13559194,3.394122805635369,2,0,0,0.06908078,0.038997214,0.084122563,0.064066852,11,0.5483482837677002,5.815762610417863,-1.352515936,3.5,-2.1318022793361373
2022/3/20,274,renew,154987,8417,0,4,20,33,27,13,2,99,1,0,0,3,0,0,1,1,8,1.921928094887362,36.81220254299122,2.302775637731995,5,0,1,0.06908078,0.016713092,0.061281337,0.008356546,0,0.401012647151947,3.341052164814641,-0.500219524,4.35,0.3904909579305734
2022/3/19,273,allow,156311,8515,0,5,21,32,26,14,3,101,1,1,0,3,0,1,1,2,8,1.921928094887362,40.40845004668534,4.0,5,0,0,0.060835655,0.016713092,0.055153203,0.008356546,22,0.5992189466953277,4.646710564660694,-0.479563177,4.380000000000001,-2.8732621218923784
2022/3/18,272,saute,179830,9304,1,8,31,34,19,6,1,100,0,0,1,2,0,0,2,1,5,2.321928094887362,9.110783087968828,2.770690632574555,5,0,0,0.069637883,0.035654596,0.1264623955431755,0.075208914,7,0.5137511819601059,1.893894133472422,-0.976255417,3.86,-1.650625183667684
2022/3/17,271,movie,169071,8847,1,5,18,30,26,16,3,99,1,0,1,2,0,0,2,1,10,2.321928094887362,18.07814391,4.421431971720068,1,0,0,0.055598886,0.013927577,0.097493036,0.022284123,8,0.5587727397680282,5.089240191820842,-0.432797492,4.42,-2.021017483170051
2022/3/16,270,cater,217856,11234,1,7,19,22,19,18,15,101,0,0,0,3,0,0,1,1,7,2.321928094887362,12.91586384545687,2.339793400779363,20,1,0,0.075543175,0.039554318,0.095821727,0.036211699,0,0.3451134353876114,3.104747498787316,0.1032082438468933,4.9399999999999995,0.7591123846129507
2022/3/15,269,tease,202855,10024,1,16,32,30,16,6,1,102,0,0,1,2,0,0,2,1,5,1.921928094887362,10.87458449695149,1.662570384968221,10,0,0,0.083008357,0.04902507,0.1091922005571031,0.061281337,1,0.4046457499265671,3.755727131130367,-1.199395299,3.669999999999999,-0.06602509455979344
2022/3/14,268,smelt,185406,9373,0,5,19,33,28,13,2,100,0,0,0,4,0,0,1,2,7,2.321928094887362,20.32037936913896,4.944255906127061,5,0,0,0.063398329,0.030640669,0.087465181,0.016713092,0,0.3297315984964371,3.016110011745249,-0.497308671,4.3500000000000005,0.8605462775222938
2022/3/13,267,focus,179436,8937,1,4,23,36,24,10,1,99,1,0,0,3,0,0,1,1,10,2.321928094887362,43.76259061200237,5.248682575630477,5,0,0,0.043342618,0.018384401,0.052924791,0.008356546,1,0.4714028835296631,4.467925401200141,-0.679011405,4.15,-0.5062479358718349
2022/3/12,266,today,192049,9353,1,7,29,35,20,7,1,100,1,0,0,3,1,0,1,1,9,2.321928094887362,13.56594495862861,4.295445510972751,2,0,0,0.059832869,0.030083565,0.09637883,0.033426184,8,0.5297667145729065,5.636717421514323,-0.905634284,3.93,-1.8297403246496775
2022/3/11,265,watch,226349,12400,1,6,14,18,17,24,20,100,1,0,0,4,0,0,1,3,13,2.321928094887362,20.91513035210404,2.882005993226331,13,0,0,0.051253482,0.016713092,0.06183844,0.030640669,0,0.42838663756847384,5.517969864618105,0.5024957656860352,5.36,0.20997607976250954
2022/3/10,264,lapse,208884,9960,0,8,31,34,19,7,1,100,0,0,1,3,0,0,1,2,7,2.321928094887362,16.39467969245367,6.632964112202266,1,0,0,0.067632312,0.035654596,0.094707521,0.036211699,0,0.30447752475738527,3.143092490863535,-0.954036832,3.91,1.0270815898711994
2022/3/9,263,month,201799,9435,1,5,26,37,22,8,1,100,0,0,0,4,0,0,1,3,10,2.321928094887362,14.36884152694894,2.521064985020766,7,0,0,0.053036212,0.030640669,0.078551532,0.055710306,24,0.6346282601356507,4.978023376388483,-0.787386298,4.04,-3.1587993120926496
2022/3/8,262,sweet,207473,9767,1,5,18,31,28,15,2,100,1,0,0,3,0,1,2,2,8,1.921928094887362,18.99848014433276,1.0,9,0,0,0.068635097,0.016713092,0.098050139,0.016713092,2,0.46298163533210757,5.161417849857884,-0.471562564,4.369999999999999,-0.7037450823618737
2022/3/7,261,hoard,218595,9823,1,9,30,34,19,7,1,101,0,0,0,3,0,0,2,2,9,2.321928094887362,15.67074537535361,3.950256657752101,2,0,0,0.061281337,0.030083565,0.085793872,0.030640669,0,0.34713771343231203,2.672045383856066,-0.975618601,3.87,0.7457634976199603
2022/3/6,260,cloth,218595,9911,1,8,33,34,17,7,1,101,0,0,0,4,0,0,1,2,10,2.321928094887362,11.57054064454065,3.124244023167829,3,0,0,0.057493036,0.038997214,0.095821727,0.055710306,5,0.5193608283996582,3.785988736162903,-1.014307737,3.84,-1.5080896362212466
2022/3/5,259,brine,229895,10405,1,9,25,29,22,12,3,101,0,0,1,3,0,0,1,2,7,2.321928094887362,10.90745883,3.167511594427492,9,0,0,0.06005571,0.017270195,0.1114206128133705,0.055710306,0,0.40864138007164,2.522283063522734,-0.70477283,4.15,0.3401840873347662
2022/3/4,258,ahead,203730,9396,1,5,20,35,26,12,2,101,0,1,0,2,0,0,2,1,9,1.921928094887362,13.03950565563469,3.099586409417042,3,0,0,0.069749304,0.030083565,0.079108635,0.055710306,8,0.5281173050403595,5.296842962816827,-0.559554636,4.27,-1.8188634683241487
2022/3/3,257,mourn,240018,10465,1,8,29,34,19,8,1,100,0,0,0,3,0,0,2,2,7,2.321928094887362,14.52549092050613,2.664213562373095,4,0,0,0.05281337,0.030640669,0.080222841,0.044568245,0,0.37244270741939545,3.405777494451297,-0.930265903,3.919999999999999,0.5788923970929396
2022/3/2,256,nasty,257304,10813,1,7,26,31,21,11,2,99,1,0,0,4,1,0,1,3,8,2.321928094887362,26.56206538170824,2.565324293440291,9,0,0,0.058607242,0.033983287,0.076880223,0.016713092,1,0.4537131667137146,4.353286621231653,-0.753608406,4.1,-0.3895949734330599
2022/3/1,255,rupee,240137,10577,1,2,17,35,30,13,2,100,0,0,1,2,0,1,2,1,7,1.921928094887362,17.52850684910914,3.25,1,0,0,0.070194986,0.035654596,0.08913649,0.036211699,0,0.42578968703746795,1.768955396864122,-0.389431179,4.42,0.22710139476335028
2022/2/28,254,choke,251094,10521,1,8,30,36,18,6,1,100,1,0,1,3,0,0,1,2,14,2.321928094887362,13.29834952,3.209447099,5,0,0,0.054930362,0.019498607,0.1114206128133705,0.030640669,0,0.3043074458837509,3.811662135920179,-0.980504453,3.859999999999999,1.0282031569750778
2022/2/27,253,chant,250413,10438,1,9,33,33,16,7,1,100,0,0,0,4,0,0,1,2,10,2.321928094887362,10.34369062013147,3.874341287815239,9,0,0,0.057715877,0.038997214,0.1008356545961003,0.072423398,1,0.40509537756443026,3.360020003890622,-1.051424503,3.81,-0.06899011635730457
2022/2/26,252,spill,248363,10087,1,5,26,34,22,10,2,100,0,0,0,4,0,1,1,2,7,1.921928094887362,15.55026737967914,2.869117827667911,9,0,0,0.053259053,0.035654596,0.085793872,0.030640669,0,0.3876084715127945,3.928322038497825,-0.706618726,4.13,0.47888337334488223
2022/2/25,251,vivid,255907,11687,1,2,10,29,33,21,4,100,2,0,0,3,0,0,1,1,12,1.521928094887362,30.77514492753623,4.628856844647881,2,0,0,0.034317549,0.013927577,0.044568245,0.016713092,0,0.39864468276500703,3.313023441214398,-0.060111165,4.78,0.40610624807682527
2022/2/24,250,bloke,250674,10405,1,6,21,32,25,12,2,99,1,0,1,3,0,0,1,2,11,2.321928094887362,14.24635818063215,2.909084675395885,4,0,0,0.055153203,0.017270195,0.1091922005571031,0.030640669,0,0.33885239362716674,3.670232043092597,-0.607181132,4.2299999999999995,0.8004001608338949
2022/2/23,249,trove,277576,11411,1,5,16,24,25,22,8,101,1,0,1,3,0,0,1,2,8,2.321928094887362,13.93343551770949,3.405308196158574,8,0,0,0.067520891,0.013927577,0.1114206128133705,0.027855153,0,0.3592857927083969,2.547106647247766,-0.087397277,4.79,0.6656542765261118
2022/2/22,248,thorn,306356,11814,1,14,38,30,12,4,0,99,0,0,0,4,0,0,1,2,8,2.321928094887362,12.96845297805643,3.101229586821916,5,0,0,0.06183844,0.038997214,0.088022284,0.044568245,0,0.2775173246860504,3.708474649482741,-1.378560901,3.5,1.2048677714695315
2022/2/21,247,other,278731,10887,1,9,26,30,21,10,2,99,0,1,0,3,0,0,1,2,8,2.321928094887362,62.69976744186046,2.394122805635369,4,1,0,0.072534819,0.038997214,0.0545961,0.005571031,29,0.6367801308631897,5.865934891430907,-0.810809195,4.04,-3.286767216599734
2022/2/20,246,tacit,273306,11094,1,4,21,32,26,14,3,101,0,0,0,3,0,0,1,1,7,1.921928094887362,16.54955314009662,3.686084602562989,0,0,0,0.065961003,0.039554318,0.086908078,0.025069638,0,0.29365719109773636,2.194924129136403,-0.466938853,4.369999999999999,1.098435133238047
2022/2/19,245,swill,282327,11241,1,1,8,19,31,30,10,100,1,0,0,4,0,1,1,2,8,1.921928094887362,20.98966131907308,2.103553390593274,8,0,0,0.049470752,0.016713092,0.083008357,0.016713092,0,0.3372533738613129,2.990804146480479,0.4008997082710266,5.28,0.810944727184264
2022/2/18,244,dodge,265238,10220,1,3,15,29,27,19,7,101,0,0,1,3,0,0,1,2,8,1.921928094887362,18.84557144775719,4.100398259524058,7,0,0,0.053036212,0.028412256,0.091364903,0.033426184,1,0.40693990886211395,3.890624648907575,-0.081147611,4.760000000000001,-0.08115368248018621
2022/2/17,243,shake,342003,12767,1,6,16,23,24,21,9,100,1,0,1,3,0,0,1,2,12,2.321928094887362,12.76420252598129,5.274754878398197,14,0,0,0.059721448,0.019498607,0.1175487465181058,0.030640669,1,0.4019313991069794,4.597615293399442,-0.066442311,4.8,-0.04812559580029079
2022/2/16,242,caulk,289721,10740,1,4,20,31,26,15,3,100,1,0,0,3,0,0,2,2,11,2.321928094887362,13.71504329004329,2.888724621,1,0,0,0.04913649,0.019498607,0.083008357,0.044568245,0,0.36297779679298403,2.437962177822698,-0.443944216,4.4,0.6413077469414856
2022/2/15,241,aroma,287836,10343,1,6,25,33,22,11,2,100,0,1,1,2,0,0,1,1,7,1.921928094887362,18.7052707,4.268366828803197,4,0,0,0.071309192,0.030640669,0.077437326,0.025069638,8,0.5443285495042801,3.136932182158717,-0.705981851,4.140000000000001,-1.925766801555045
2022/2/14,240,cynic,261521,10343,1,6,25,33,22,11,2,100,1,0,0,4,1,0,1,3,12,1.921928094887362,58.67923583662714,3.454785801836171,2,0,0,0.043788301,0.033983287,0.047910864,0.005571031,0,0.3434932082891464,3.047708997816951,-0.705981851,4.140000000000001,0.7697968004702539
2022/2/13,239,robin,277471,3249,1,6,29,34,21,8,1,100,0,0,0,3,0,0,1,1,7,2.321928094887362,23.51515919,3.976528589,2,0,0,0.054373259,0.017270195,0.06183844,0.022284123,0,0.36555605530738833,4.396662545798115,-0.856032431,3.98,0.6243056944627767
2022/2/12,238,ultra,269885,9310,1,7,23,34,24,10,1,100,0,1,1,3,0,0,1,3,5,2.321928094887362,26.66124057934403,2.630362815821457,0,0,0,0.066740947,0.035654596,0.056267409,0.022284123,0,0.311821436882019,3.055262135707397,-0.746085167,4.09,0.9786529398175023
2022/2/11,237,ulcer,278826,10631,1,4,18,30,28,16,3,100,0,1,0,3,0,0,1,2,7,2.321928094887362,22.38349760059063,2.829707626949502,1,1,0,0.062952646,0.035654596,0.07632312,0.022284123,0,0.38158305883407595,3.412408073,-0.38092196,4.460000000000001,0.5186173185629863
2022/2/10,236,pause,304830,13480,1,8,26,32,21,10,2,100,0,0,1,2,0,0,2,1,7,2.321928094887362,11.42905618552581,5.412845186100379,6,0,0,0.062284123,0.035654596,0.1080779944289694,0.061281337,0,0.3427052408456802,3.732743224209678,-0.788451254,4.0600000000000005,0.7749929682519094
2022/2/9,235,humor,305372,13846,1,5,22,34,25,11,2,100,0,0,0,3,0,0,1,1,10,2.321928094887362,27.28290297937357,2.810660171779821,2,0,0,0.050807799,0.030640669,0.048467967,0.019498607,8,0.5445941925048828,4.221253067858752,-0.607817948,4.22,-1.9275185561644514
2022/2/8,234,frame,336236,15369,1,10,20,24,24,17,3,99,1,0,1,3,0,0,1,2,10,2.321928094887362,12.64417265653965,3.679294036366545,5,0,0,0.062952646,0.018384401,0.1058495821727019,0.04178273,0,0.39780661165714265,4.149166638575728,-0.582639515,4.299999999999999,0.41163281916238303
2022/2/7,233,elder,288228,13340,1,3,13,24,30,24,5,100,0,1,0,3,0,0,1,2,6,1.921928094887362,18.59405315614618,3.520690632574555,8,1,0,0.074428969,0.030083565,0.079108635,0.027855153,1,0.41271994411945345,3.848136642911747,-0.065022469,4.81,-0.11926951230292993
2022/2/6,232,skill,311018,13716,1,3,17,33,27,16,3,100,1,0,0,4,0,1,1,2,9,1.921928094887362,80.82299465240642,2.103553390593274,7,0,0,0.050027855,0.019498607,0.080222841,0.002785515,2,0.46080716252326964,3.899289165359129,-0.362812996,4.48,-0.6894057519173741
2022/2/5,231,aloft,319698,13708,1,4,22,36,25,11,2,101,1,1,0,3,0,0,1,2,8,2.321928094887362,25.22067908902692,3.878308269,1,0,0,0.063175487,0.018384401,0.094707521,0.011142061,0,0.3565027594566345,2.871617739,-0.585460126,4.239999999999999,0.6840066943042757
2022/2/4,230,pleat,359679,14813,1,10,28,31,19,9,2,100,0,0,0,3,0,0,2,2,7,2.321928094887362,11.10159487076738,3.464037423947191,4,0,0,0.072311978,0.035654596,0.095821727,0.064066852,0,0.32243589460849764,1.893894133472422,-0.896189153,3.96,0.9086570234691668
2022/2/3,229,shard,358176,14609,1,7,22,28,25,14,4,101,0,0,0,4,0,0,1,2,9,2.321928094887362,11.31923022383846,3.394122805635369,7,0,0,0.056267409,0.030083565,0.098050139,0.055710306,0,0.29953964054584503,2.871617739,-0.503483415,4.340000000000001,1.0596439438901455
2022/2/2,228,moist,361908,14205,3,13,32,29,16,7,1,101,0,0,0,3,0,0,2,2,7,2.321928094887362,11.45416724792684,3.268366828803198,10,0,0,0.056601671,0.030640669,0.101949861,0.055710306,3,0.4603018522262573,3.260317090698395,-1.139303565,3.689999999999999,-0.8656013029978873
2022/2/1,227,those,351663,13606,1,13,34,30,15,6,1,100,0,0,1,3,0,0,1,2,8,2.321928094887362,10.25228891656289,3.265443149195011,8,0,0,0.067409471,0.038997214,0.1158774373259053,0.061281337,38,0.6687623500823975,5.876221911591415,-1.178609729,3.69,-3.6613987796683656
2022/1/31,226,light,341314,13347,1,10,25,27,19,12,5,99,0,0,0,4,0,0,1,3,9,2.321928094887362,36.13346339650688,1.747676196228642,11,0,0,0.051810585,0.028412256,0.052924791,0.011142061,0,0.41271343231201174,5.217455596935289,-0.659811795,4.2,0.3133313704717946
2022/1/30,225,wrung,294687,11524,0,2,18,39,27,12,2,100,1,0,0,4,0,0,1,2,9,2.321928094887362,24.0507803,2.162570384968221,4,0,0,0.040891365,0.016713092,0.060724234,0.019498607,1,0.3766933023929596,2.467925401200141,-0.446968913,4.39,0.11830435775060012
2022/1/29,224,could,313220,11592,1,7,29,35,20,8,1,101,0,0,0,3,0,0,2,2,8,2.321928094887362,12.72955309396486,4.140155824459137,4,0,0,0.048356546,0.030083565,0.086908078,0.055710306,50,0.7017231345176697,6.211487424454824,-0.893149257,3.95,-4.046165104182063
2022/1/28,223,perky,296968,11148,1,4,17,30,27,17,4,100,2,0,0,4,1,0,1,3,14,2.321928094887362,17.26860369,3.589793400779363,9,0,0,0.053259053,0.019498607,0.072980501,0.030640669,5,0.5044900208711625,3.226332593388028,-0.316888213,4.53,-1.4100256722751476
2022/1/27,222,mount,331844,11451,1,9,29,33,19,7,1,99,0,0,0,3,0,0,2,2,7,2.321928094887362,11.88453687829647,2.325140769936442,3,0,0,0.052367688,0.030640669,0.095264624,0.055710306,0,0.3852451920509338,4.068535326132871,-0.965108752,3.88,0.494467769249299
2022/1/26,221,whack,302348,10163,1,4,22,37,24,10,2,100,2,0,0,4,0,0,1,2,17,2.321928094887362,18.63924511331182,4.114548279177558,7,0,0,0.040668524,0.016713092,0.067966574,0.030640669,1,0.3759379804134369,3.950798984808895,-0.6127038,4.209999999999999,0.1232852484806884
2022/1/25,220,sugar,276404,8708,1,6,25,34,23,9,1,99,0,0,0,3,0,0,1,1,6,2.321928094887362,17.97670793048402,3.624341287815239,1,0,0,0.055264624,0.028412256,0.079665738,0.025069638,5,0.5146230846643448,4.576715856799913,-0.771990716,4.06,-1.4768470873579551
2022/1/24,219,knoll,258038,8317,1,1,11,29,33,21,4,100,1,0,0,4,0,1,1,2,9,1.921928094887362,35.57619607843138,1.710404813240945,1,0,0,0.053481894,0.019498607,0.065738162,0.008356546,0,0.30621891021728515,2.738992173486679,-0.048263013,4.79,1.015598208042159
2022/1/23,218,crimp,269929,7630,1,5,28,38,20,7,1,100,0,0,0,4,0,0,1,2,11,2.321928094887362,19.50978296478296,3.019421807615892,6,0,0,0.047465181,0.030640669,0.07632312,0.022284123,0,0.34426611065864565,2.653561978162053,-0.850408435,3.98,0.7646999777219808
2022/1/22,217,wince,241489,6850,1,3,17,33,29,15,3,101,1,0,1,3,0,0,1,2,10,2.321928094887362,17.53326000039896,3.457106781186547,6,0,0,0.052924791,0.016713092,0.083008357,0.030640669,1,0.4360972046852112,2.405777494451296,-0.345780253,4.479999999999999,-0.2734283791221089
2022/1/21,216,prick,273727,7409,1,8,30,33,19,7,1,99,1,0,0,4,0,0,1,2,13,2.321928094887362,14.96054522121456,5.121046080181822,8,0,0,0.045236769,0.019498607,0.077437326,0.044568245,0,0.31813467144966123,4.149769406863889,-0.95326066,3.89,0.9370209836619139
2022/1/20,215,robot,243964,6589,1,8,29,34,20,8,1,101,0,0,0,3,0,0,1,1,7,1.921928094887362,21.69031903731392,4.486067977,0,0,0,0.062506964,0.017270195,0.075208914,0.022284123,0,0.37452472448349,4.085624526835279,-0.915507078,3.93,0.5651627562568724
2022/1/19,214,point,280622,7094,1,16,37,28,12,4,1,99,0,0,0,3,0,0,2,2,7,2.321928094887362,10.48380847626372,1.766123775561495,5,0,0,0.057604457,0.035654596,0.1058495821727019,0.064066852,0,0.4614097326993942,5.373325470670158,-1.356969118,3.5200000000000005,-0.007791220641434282
2022/1/18,213,proxy,220950,6206,1,2,11,24,31,26,6,101,2,0,0,4,1,0,1,2,17,2.321928094887362,43.86358579342431,5.688061461070024,2,0,0,0.044456825,0.003899721,0.089693593,0.005571031,0,0.2797326326370239,2.963932000080177,0.059122801,4.94,1.1902591580087298
2022/1/17,212,shire,222197,5640,1,8,32,32,18,8,2,101,0,0,1,3,0,0,1,2,8,2.321928094887362,8.674842607631794,2.809016994374947,13,0,0,0.064401114,0.038997214,0.1281337047353761,0.080779944,0,0.3335245907306671,2.945046655919803,-0.91024673,3.94,0.8355337922895574
2022/1/16,211,solar,209609,4955,1,9,32,32,18,7,1,100,0,0,0,3,0,0,1,1,5,2.321928094887362,15.16102165597422,4.808336368008463,11,0,0,0.069749304,0.04902507,0.098607242,0.025069638,0,0.3886651933193207,3.666582488154564,-1.011397004,3.8399999999999994,0.47191493340389906
2022/1/15,210,panic,205880,4655,1,9,35,34,16,5,1,101,0,0,0,3,0,0,1,1,9,2.321928094887362,25.22105072463768,5.591999145902724,4,0,0,0.053927577,0.035654596,0.067966574,0.013927577,1,0.44305630028247833,4.33910901,-1.086904287,3.76,-0.3193193973765084
2022/1/14,209,tangy,169484,3985,1,4,21,30,24,15,5,100,1,0,0,4,1,0,1,3,9,2.321928094887362,12.96371191955043,3.012638065989159,11,0,0,0.05448468,0.028412256,0.092479109,0.044568245,5,0.5339663714170456,2.547106647247766,-0.372376025,4.47,-1.6044043414667897
2022/1/13,208,abbey,132726,3345,1,2,13,29,31,20,3,99,1,1,0,3,1,1,1,2,12,1.921928094887362,86.47435927859514,2.487883187590963,0,0,0,0.051922006,0.017270195,0.071866295,0.002785515,2,0.42025517523288725,3.504021746548418,-0.17468214,4.67,-0.42198997022787954
2022/1/12,207,favor,137586,3073,1,4,15,26,29,21,4,100,2,0,0,3,0,0,1,1,11,2.321928094887362,20.00942768016297,4.136860616825721,1,0,0,0.053927577,0.013927577,0.072423398,0.022284123,2,0.45968568325042725,4.849341344050118,-0.216411352,4.65,-0.6820102757290384
2022/1/11,206,drink,153880,3017,1,9,35,34,16,5,1,101,1,0,0,4,0,0,1,2,10,2.321928094887362,16.80473051723052,2.619677166154769,9,0,0,0.046016713,0.019498607,0.075208914,0.033426184,6,0.5203440666198731,5.392824665214425,-1.086904287,3.76,-1.6107711043868482
2022/1/10,205,query,107134,2242,1,4,16,30,30,17,2,100,2,0,0,3,1,0,2,2,17,2.321928094887362,34.49136426984587,3.25,2,0,0,0.049916435,0.002785515,0.071309192,0.008356546,0,0.3777936726808548,2.768955396864123,-0.373697519,4.47,0.5436060238767532
2022/1/9,204,gorge,91477,1913,1,3,13,27,30,22,4,100,0,0,1,3,0,0,1,2,7,1.921928094887362,14.69243419285523,3.193346791372637,8,0,0,0.061615599,0.028412256,0.098607242,0.044568245,0,0.39247311651706696,3.124343054850696,-0.1457901,4.720000000000001,0.44680398751493194
2022/1/8,203,crank,101503,1763,1,5,23,31,24,14,2,100,1,0,0,4,0,0,1,2,11,2.321928094887362,13.03510401969704,3.183358282190186,13,0,0,0.054261838,0.019498607,0.086350975,0.044568245,0,0.3962420135736465,3.727996789185216,-0.595631838,4.26,0.4219503953771308
2022/1/7,202,slump,80630,1362,1,3,23,39,24,9,1,100,0,0,0,4,0,0,1,2,9,2.321928094887362,19.44331932773109,3.710404813240945,7,0,0,0.042674095,0.030640669,0.080222841,0.022284123,1,0.4534277319908142,3.084225831642714,-0.669138372,4.15,-0.3877127044088774
