字母频率特征_weighted_reduced,位置特征_PLS_reduced,仿真模拟特征_weighted_reduced,强化学习特征_weighted_reduced,Zipf-value,feedback_entropy,letter_entropy,max_consecutive_vowels,semantic_distance,word,autoencoder_value
0.30799476792970537,0.8030503175492406,1.8927326510172315,-0.4343338579549353,3.727996789185216,4.7716563084635295,2.321928094887362,1,0.0188216376304437,crank,-0.595631838
-1.0203057588477449,2.0690736522696755,0.32801045417724034,0.02686091528885136,3.040022169150661,4.708383703284057,1.921928094887362,2,0.0031702373949648,trait,-0.635201216
-0.35615549545901976,2.7654125336224187,-0.6473787992162615,-1.1927345159332643,2.945046655919803,5.395357284391844,2.321928094887362,1,0.004303905047016,shire,-0.91024673
0.7507616101888555,-0.4558008901431233,0.8868069457351204,-0.2914190715458707,3.559005870547474,3.2574215318628736,1.921928094887362,1,0.0676922767021679,hutch,0.1561554670333862
-1.0203057588477449,0.49199150504401234,-0.9232434682296033,-0.5648519516013246,3.484958740498922,5.395620736675308,2.321928094887362,2,-0.0347626737793671,stein,-1.143468142
-0.5775389165885948,1.5942502576177853,0.6745962741631213,1.0813497365693465,2.522283063522734,5.205798178643392,2.321928094887362,1,0.0378480024687524,brine,-0.70477283
-1.0203057588477449,2.526055006487621,1.1193892597697737,-0.36096654433546876,2.904617998864195,4.687170571330085,1.921928094887362,1,0.0794497770291513,trite,0.3392655849456787
-0.35615549545901976,-0.5659914230518541,-0.505318955135187,-1.1594029330931,3.579635872074686,4.805598316130765,2.321928094887362,1,-0.1053060212949012,rival,-0.832878411
-0.35615549545901976,0.17813897207230908,-0.07079756671333082,0.5792045641226241,2.333226827302685,4.065585045012133,2.321928094887362,2,0.0595469861239151,flout,-0.848274112
-0.13477207432944474,-2.2122426774883177,-0.5400866257988473,0.7037699492824363,3.607804487601378,4.643435066630395,2.321928094887362,2,-0.0630974384174582,yield,-0.254642367
-0.5775389165885948,1.995644124084875,0.43563706697464033,-1.1088671402455612,3.047708997816951,5.2104950027786945,2.321928094887362,2,0.0348329648716154,poise,-1.133117557
-0.7989223377181699,-1.7235157219367285,-0.24466622664778065,0.9700937550073752,1.768955396864122,4.273825327017094,1.921928094887362,1,0.0568529435960123,egret,-0.301279902
-0.35615549545901976,0.5725262885575912,0.6310244260134109,-0.6182403601078199,3.504021746548418,4.42679647324314,1.921928094887362,2,0.0324958157747505,leery,-0.44405818
-0.5775389165885948,-0.10965823396559712,-0.3610561497238076,1.2297142203510871,3.136932182158717,4.8220171720576825,1.921928094887362,1,0.0192764060783017,aroma,-0.705981851
-0.35615549545901976,-0.7965761810504383,2.2332084852823844,0.21990304166501756,2.990804146480479,3.815240583094863,1.921928094887362,1,0.0996147726237784,swill,0.4008997082710266
-0.7989223377181699,-1.7032038848171653,0.6061098257342081,0.8825076674098641,4.782775347501246,4.309453367306016,1.921928094887362,1,-0.0787923849699733,glass,-0.421426892
0.5293781890592804,0.9475081968632982,3.1760606753060943,-0.30219198377152184,3.554285231874889,3.808225814808292,1.921928094887362,1,0.0788330418168103,cinch,0.2743610739707947
0.08661134680013033,-1.0094627105077123,-0.34637215923557646,0.31189529602675226,3.909882238856553,4.171346432066916,1.921928094887362,1,-0.0360239241623457,alpha,-0.558330357
0.30799476792970537,1.5809242708381142,0.8233638937520592,0.1453985397785977,2.653561978162053,4.700127499384526,2.321928094887362,1,-0.00987784557878,foray,-0.14690429
0.08661134680013033,1.8114602648061002,0.34447279175303,0.07711130430364639,2.246076651583785,4.835341611944387,2.321928094887362,1,0.0457557393838688,piney,-0.269048929
-0.5775389165885948,-1.6164996216612983,0.6131033042916585,1.2888884458583634,5.068970854648633,4.444611463819386,1.921928094887362,1,-0.1187730401517544,class,-0.305534542
-0.13477207432944474,-1.882870926605996,0.09477423245422863,-0.9801435375752727,5.217455596935289,4.27140917655607,2.321928094887362,1,-0.1291027527090592,light,-0.659811795
1.4149118735775805,-1.5540812658386207,1.2887484882479088,0.46368053421022914,4.039245950030883,3.68106356056073,1.921928094887362,2,0.0300729866415319,booze,0.1022737622261047
-0.13477207432944474,0.8345887623146139,-0.5413501089668298,-1.2511718498471618,5.636717421514323,4.791383980752409,2.321928094887362,1,-0.1803254567880151,today,-0.905634284
1.8606572206436789,-1.4768575346163022,1.4575846315596095,0.4702737544939131,4.205647994528176,4.741526916472915,2.321928094887362,1,-0.0247399182731601,poker,-0.251356959
-1.0203057588477449,-0.987703628218682,-0.6167611578865109,1.6603680031972103,4.570587743097289,4.110956718140517,1.921928094887362,2,-0.1016833022651772,usual,-0.571114123
-0.13477207432944474,-0.542856143563146,-0.09272371721810416,-0.7009771816366597,3.428554709300867,4.344887701367938,2.321928094887362,1,0.0397027525402888,stomp,-0.743874788
0.5293781890592804,-1.9366708532553083,-0.3365824425574941,0.02320575890071299,3.062686153786604,4.150308668949755,2.321928094887362,2,0.1036539481893087,joust,-0.790501118
-0.13477207432944474,-0.7542402010244935,-0.2122603840611179,1.2317927290868276,2.945046655919803,4.914628521851194,2.321928094887362,1,0.0507498745163145,recap,-0.834450841
-0.35615549545901976,0.04726305342259285,0.6631892666287613,1.3552952168204886,3.890624648907575,3.94756092510537,1.921928094887362,1,-0.0448637135972976,dodge,-0.081147611
0.7507616101888555,-0.4537355909939353,-0.5857659409183784,-0.7127625147422616,3.588499332405991,3.0505159739778067,1.921928094887362,2,0.0640653607260886,whoop,-0.4922961
-0.35615549545901976,2.275356523344073,-0.49431579951516263,-0.8798214901659578,4.314674753020988,5.360043084185452,2.321928094887362,1,-0.0331617452823341,shine,-1.139920592
0.08661134680013033,-0.9856594662609578,-0.6540049521544997,0.8556960280174787,4.201390171385635,4.061494090397159,2.321928094887362,1,-0.0641857740431782,blown,-0.684476078
-0.5775389165885948,2.0518938873516706,0.14119675684990726,-1.6705964201617116,4.440745135253817,4.75269672690979,2.321928094887362,1,-0.1035798440070592,plant,-1.531576633
0.08661134680013033,0.13146036864947666,-0.8252958339925317,-0.09774158518392043,5.392824665214425,4.631108277749154,2.321928094887362,1,-0.0627512482085407,drink,-1.086904287
0.08661134680013033,1.2941667319222412,-0.21546804731644126,-1.4238923103743328,4.978023376388483,4.674265690279362,2.321928094887362,1,-0.188033583743451,month,-0.787386298
-0.5775389165885948,-0.3493562845268173,-0.0785271959254359,0.13596252516707089,2.810348082022347,4.411534912463886,1.921928094887362,2,0.0514935752603647,tibia,-0.338295281
1.1935284524480057,-2.20575786758723,-0.3432487441122136,0.08718893073439878,4.332040769719171,4.100066535983523,2.321928094887362,2,-0.1034597370643929,squad,-0.465376616
0.9751235361253786,-0.16021842348163273,-0.3375864150878105,-0.29478810956040774,3.412408073,4.685835996619544,2.321928094887362,1,0.0318002141795552,ulcer,-0.38092196
0.7507616101888555,-2.155087662653217,-0.7007449749692085,0.2284601773076497,3.794261262128892,2.7923956639522953,1.921928094887362,1,-0.0159862488097033,bluff,-0.426662028
2.0820406417732538,0.1100975039275049,-0.3395769175134181,1.0488653944628172,4.097335,3.5741794519744543,1.921928094887362,1,-0.07968407943009,apply,-0.811157227
0.7507616101888555,-0.4742177951530777,-0.938291073247956,-0.12134616927861631,3.645942581291861,4.468495396371619,2.321928094887362,1,0.0041314589842488,rhyme,-0.668979108
0.9721450313184304,-1.7536130157574563,-0.5365648880650213,1.3567088779575878,4.126254845825993,4.138130483736394,2.321928094887362,2,-0.0914104081071738,equal,-0.608594298
1.1935284524480057,-1.498670130701208,1.278602965871726,0.9163187003181389,3.161065861875436,4.336214167316365,2.321928094887362,2,0.0607541103823844,gauze,0.1679668426513672
0.30799476792970537,-0.07255310457843835,-0.41945625266201597,-0.28616675386368756,4.586520766423903,4.713593458726138,2.321928094887362,1,-0.1171127003851926,spoke,-0.990088701
-1.0203057588477449,2.7561421852617265,0.03433380811216714,1.240619620680901,4.714588083445808,4.755956608875235,1.921928094887362,2,-0.0785740666501776,treat,-1.375545382
0.30799476792970537,0.31830557378311775,-0.4619959163143624,-0.7799931046245082,4.986790144394278,4.414810301050714,2.321928094887362,1,-0.0744666286757126,stick,-1.216233969
-0.13477207432944474,1.331119000999616,-0.1866809470433267,-0.5462717210699524,5.597121007620586,4.142785861346201,2.321928094887362,2,-0.172517182706497,found,0.1430016756057739
1.4178903783845287,-0.635793313409734,0.8611635043076146,0.018790332114292832,2.973075379520047,3.2984523212115233,1.921928094887362,1,0.0233687009404147,gully,0.1703054308891296
-0.13477207432944474,0.030565329623696173,-0.6639809502230831,-1.6737173126819567,4.690121447501861,4.1893648281134395,2.321928094887362,1,-0.1385568491304271,study,-0.80555886
0.7507616101888555,-1.4113646214188436,-1.2745187155286646,-1.333306089449593,3.360020003890622,3.8864319829630185,2.321928094887362,1,0.0517016176243418,itchy,-0.962236285
0.30799476792970537,-0.4392184480069127,0.7090469454147633,-0.3064654231824264,3.450196634,4.41124021395597,2.321928094887362,1,0.0269578172745418,cramp,-0.817968845
0.08661134680013033,-0.20332166614615715,-0.276449524301915,0.7803249115798971,4.934793021554251,4.615427177747595,2.321928094887362,2,-0.1044989826503367,voice,-0.709605277
-1.0203057588477449,-0.9627408554720596,0.6797946795650036,-0.23101873305443013,2.069985392528103,4.9002806373167385,1.921928094887362,1,-0.0158579688757352,natal,-0.212913215
0.30799476792970537,-0.8118954951036536,-0.5622880344381578,-0.44022879125480235,4.151572708341607,4.391237372533456,2.321928094887362,1,-0.1219598469487242,shown,-0.800010741
-0.35615549545901976,1.6193075637274454,-0.033821208640158675,-0.054869258695168226,6.211487424454824,4.344205645890686,2.321928094887362,2,-0.2003049679255825,could,-0.893149257
0.08661134680013033,0.6060236549771897,0.28425273556593156,0.342331992877059,2.614053436878379,3.975496461174515,1.921928094887362,2,0.0466386944461944,roomy,-0.446670115
-0.5775389165885948,-0.4153398050852714,-0.9906890990842845,-0.515959552357494,2.935286818630647,4.589474815114263,2.321928094887362,1,0.0114101189998036,inept,-0.886027515
0.30799476792970537,-1.099826567839024,0.15587164279168364,-0.48814660647232855,2.904617998864195,4.099615483415863,2.321928094887362,1,-0.0052297752085167,lofty,-0.43391192
-0.5775389165885948,-1.146017160466717,-1.0912544304881309,-1.0056237236290675,2.796984120464366,4.7556750618052614,2.321928094887362,2,0.0329563557102544,scour,-1.040053844
0.5293781890592804,-0.9866682238124886,-0.6292296409660272,1.7893645990504066,4.771553377584031,4.590236488196429,2.321928094887362,1,-0.1023962011970983,extra,-0.610804558
-0.13477207432944474,-1.3628739007543362,-0.36234979038923554,0.5831478464812754,2.738992173486679,3.832762694995,1.921928094887362,1,0.0250455347901226,knoll,-0.048263013
-0.35615549545901976,1.9308742524592353,-1.2130658036693323,0.4821078990214569,5.876221911591415,5.074871110252031,2.321928094887362,1,-0.1952973304118616,those,-1.178609729
-1.0203057588477449,0.9845563182950373,-0.9696305820607207,-0.7152057269373818,3.317140007,5.182413492756906,2.321928094887362,1,-0.0341573954675228,lunar,-1.030753136
0.30799476792970537,-0.9698756602375749,0.45794855464719947,0.7202659375449337,3.143092490863535,4.4535138834414,2.321928094887362,1,0.0610869285290028,shawl,-0.298293233
-0.13477207432944474,-0.7647926397828863,-0.40390020574593893,-0.10374558477443489,3.264961995744159,4.7516022638483495,2.321928094887362,1,-0.0298514085866375,ample,-0.525189281
-0.13477207432944474,-0.8396999451552009,0.2567326784523168,-0.23996571230927177,3.509318086358366,4.689931703018549,2.321928094887362,1,-0.03841927962868,valid,-0.791073322
-1.0203057588477449,0.1413071794305,-0.9341715357248151,0.8586266002385828,2.570587743097289,5.095460521888412,2.321928094887362,1,0.0358506974179322,inert,-0.820393503
0.7507616101888555,0.6408313194130836,-0.2885614626530158,-0.2187090606355477,5.224612212,4.189804483318914,2.321928094887362,1,-0.1420011909320676,black,-1.035730124
0.9721450313184304,-2.1455903175663478,0.4672117517240784,0.5508845951363531,3.155157002264916,2.1797420075392817,1.370950594454669,1,0.0598410851513142,fluff,0.2447139620780945
-0.5775389165885948,-0.8159378759450371,0.3654993405684902,0.2262216004349228,2.893894133472422,4.355247426011957,1.921928094887362,1,0.0545036001614044,lilac,-0.46273917
0.08661134680013033,0.1393174173677514,0.434459118835638,0.060625758896070844,5.089240191820842,4.717142258717066,2.321928094887362,2,-0.1219911054726728,movie,-0.432797492
1.6362952947071556,-0.04617791036786366,-0.3797062681914682,-0.4098429532253433,3.950798984808895,3.684311727086663,2.321928094887362,1,0.0400298243978909,whack,-0.6127038
-0.5775389165885948,-1.0190004925374643,-0.5181652159159413,-0.617067392592566,3.069985392528104,5.0388840077034684,2.321928094887362,1,0.0181259395829683,scorn,-0.951763034
0.9721450313184304,-0.8954915170968457,1.3570722974142142,1.2033584059729208,3.991671868011706,2.4999802085440543,1.370950594454669,1,0.0173563475227776,mummy,0.9149287939071656
0.08661134680013033,1.8745914469609357,2.6848895523613248,0.8855553761112539,2.371015388192085,4.2602694407616175,1.921928094887362,1,0.0528679689124596,canny,-0.048103631
0.30799476792970537,0.9049923016355932,-0.7671456591312033,-0.8921530622995869,3.024227901967429,4.54883207160056,2.321928094887362,1,-0.0142900485156563,brisk,-0.729090571
0.08661134680013033,0.21564196298686034,1.594033733782705,-0.1381278006230167,4.043882589963898,3.9228647353237496,1.921928094887362,1,-0.0035149866360036,patty,-0.452229381
0.7507616101888555,-0.39702697014009497,0.6450710995466807,1.553130920692917,5.517969864618105,4.134658154244471,2.321928094887362,1,-0.1090715742370993,watch,0.5024957656860352
-0.35615549545901976,-2.0561481817937124,-1.1011468098567387,-1.2285022515771957,4.771841085,4.738370545476899,2.321928094887362,1,-0.0641109509121922,admit,-0.878932655
-0.35615549545901976,2.1838123286615807,-1.4321871849697068,-0.720088146340247,5.815762610417863,5.0734471223903705,2.321928094887362,2,-0.1795408065279686,their,-1.352515936
-0.35615549545901976,1.8696849939957374,-0.060685442743144476,-0.305781398006808,5.017010443563597,4.487226515880363,2.321928094887362,2,-0.0509620047132876,fault,-0.832878411
1.1965069572549538,-1.4599605858868838,0.6624405643140626,0.2092269813207225,2.768955396864123,4.6959277808258015,2.321928094887362,1,0.0684147800547822,infer,-0.399069011
-0.35615549545901976,1.8812934610179772,0.6117794920141547,0.06016602191152412,3.827128262,4.955633234906131,2.321928094887362,2,-0.0292514809806963,feast,-0.958182752
-0.35615549545901976,-1.6361864146144762,-1.081947930647768,-1.2804452676942852,3.194924129136404,4.082170720159765,2.321928094887362,1,-0.0077431949366359,unfit,-0.655155838
-1.0203057588477449,-1.4397192936389205,-1.7222114822595993,-0.2553602587509442,2.935286818630647,5.237984248860853,2.321928094887362,1,-0.0207957561874993,onset,-0.826552749
0.7507616101888555,-0.33657916679992117,1.1483145681488705,0.4632846780137329,3.117908944845286,2.9523063402691405,1.921928094887362,1,0.0188909022998689,foggy,-0.227373242
-1.0203057588477449,2.769721250592873,-0.31500961297875546,-0.8614704668010563,1.893894133472422,5.584134237341597,2.321928094887362,2,0.0241159280143371,saute,-0.976255417
0.9721450313184304,0.7899012592087797,0.6059409304474509,1.0640147567971232,3.668411099200972,3.7086022841124966,2.321928094887362,1,-0.0241494611479942,flock,-0.62697655
0.7537401149958036,0.10040689570824224,1.5193408866124145,1.2870130831484203,2.291834142,4.1854668141996285,1.921928094887362,1,0.0752444712319017,ruder,-0.234896302
0.5323566938662285,1.3328175645526887,-0.9277002376371892,-0.12475833519040093,4.241224148789373,5.644359801526668,2.321928094887362,2,-0.04637178081402,alien,-1.347256422
-1.0203057588477449,0.7918458520467497,-0.7854127835217423,-0.953933622542946,2.935286818630647,5.4202406488401875,2.321928094887362,1,0.048907465768038,atone,-1.295145631
-0.35615549545901976,1.7801968346558823,-1.016370669823433,0.339297645408907,3.166895406,4.822237807015517,2.321928094887362,1,0.0587265863784244,sloth,-1.286855221
-0.35615549545901976,-1.1647245595375149,-0.4759796671145815,-0.09587357112292863,4.353286621231653,5.1477867155994765,2.321928094887362,1,-0.0339994892703416,nasty,-0.753608406
0.08661134680013033,1.243631001382226,0.0756897139273749,0.4107854983140029,2.904617998864195,4.762051737103092,2.321928094887362,1,-0.0393077848056565,berth,-0.759346366
-0.5775389165885948,0.7264737114999116,-0.13581656056222235,0.4865879711452219,1.768955396864122,4.28040969755244,1.921928094887362,2,0.0066113752600724,rupee,-0.389431179
-0.35615549545901976,2.0138447519706544,-0.21324300271056293,-1.5492027433343836,3.360020003890622,4.8489982906684475,2.321928094887362,2,-0.0181455974318992,flair,-0.980504453
-0.5775389165885948,0.8194255653385318,-0.7428769006761746,-0.09095499019711793,3.143092490863535,5.30064965328151,2.321928094887362,1,-0.0019586619097218,lapse,-0.954036832
0.30799476792970537,0.9636089454221792,1.5695451292097478,1.6552915477654235,2.723197906303447,4.932378196115209,2.321928094887362,2,0.093646914970186,creak,-0.494322062
-0.35615549545901976,-1.3563616427635465,-0.6105000328508887,1.3108947718435096,3.867021987072121,4.6376130823959265,2.321928094887362,1,-0.0426520809021119,olive,-0.75950563
0.5293781890592804,-0.3591087841849308,-0.5600878817480892,0.8109619393011804,2.592864137808441,4.270446880332611,2.321928094887362,1,0.0557302389750928,gecko,-0.396431625
-0.35615549545901976,0.30332529722481916,-0.9044867616797866,-0.8338576657527644,3.498660018176309,5.1327973650389405,2.321928094887362,2,0.0096807365175058,heist,-1.142831326
1.8606572206436789,-0.4373030776543155,1.2167973448802414,1.0394628294429122,2.810348082022347,4.274975368018303,2.321928094887362,1,-0.0090402594110689,woven,-0.202403247
-0.13477207432944474,0.24766009927355323,-0.3802007636008524,0.3415174269793039,5.184540779950126,4.626681695599469,2.321928094887362,1,-0.1219423909098303,drive,-1.090955734
-0.13477207432944474,1.8427098767105348,-1.2889439452562554,-1.4018680896618176,4.871846254673884,4.589999741913871,2.321928094887362,1,-0.1793286777221163,third,-1.431944013
0.08661134680013033,0.8801278448699766,-0.6786532742962782,-0.24948101634099223,2.823313059186715,4.40038297065855,2.321928094887362,1,0.100546278646027,tipsy,-0.984828115
-0.35615549545901976,-1.9174450373905478,0.1584030553243141,0.9937664211180415,4.646710564660694,3.841395123599914,1.921928094887362,1,-0.1402993249750215,allow,-0.479563177
0.08661134680013033,1.0131289888928647,-0.5436133279635552,0.6403219951066558,4.143703742874226,4.136971387508561,1.921928094887362,1,-0.1010394773201761,theme,-1.041028738
-0.5775389165885948,0.22544349833278002,-0.9102553412992466,0.8008612733315612,4.288783390639841,5.217481020233873,2.321928094887362,1,-0.0848717537884643,metal,-1.012735486
-0.13477207432944474,-0.05595681313444225,0.6699290766254931,-0.23720612957839426,2.768955396864123,4.849742438507374,2.321928094887362,1,-0.0027739030710499,hinge,-0.698860347
0.5323566938662285,-0.2009499611997004,-0.4366693328707309,0.555867871407951,2.570587743097289,5.20548842705681,2.321928094887362,1,-0.0703198387875578,inter,-0.774742067
-0.13477207432944474,1.619747712420455,1.269536991095162,-0.3728986273534317,2.871617739,5.0136843778491045,2.321928094887362,1,0.0631665730738932,shard,-0.503483415
-0.5775389165885948,0.11872861042421559,-0.8794454673778501,0.20959297083632758,4.085624526835279,4.077405464228936,1.921928094887362,1,-0.0287501639439159,robot,-0.915507078
0.9721450313184304,1.0065113085504793,-0.04695198132817226,-0.4218306247988317,3.855315228,3.817175507982084,1.921928094887362,2,-0.0160623834547539,cheek,-0.558330357
0.08661134680013033,-0.6863220826568288,-1.0669110478427881,0.11564997631478242,4.221253067858752,4.4889814118154785,2.321928094887362,1,-0.0559360878253635,humor,-0.607817948
-0.13477207432944474,0.06316010097660946,-0.8507716553063521,-0.16231960802041617,4.770256329884541,4.567503054008372,2.321928094887362,1,-0.0886392306434971,angry,-0.815406382
-0.5775389165885948,1.1159529593506972,0.10448749433435443,-0.5424241007600992,3.534872190830754,5.437148490216793,2.321928094887362,1,-0.0325940573973557,manor,-0.744511664
0.30799476792970537,0.31513965098035335,0.8294073692590123,0.6482928182279873,3.801036664475563,5.089699339597017,2.321928094887362,2,0.0095261514992275,hairy,-0.793711782
-0.5775389165885948,-0.8341033517432203,-1.38959119248821,-0.8046968008833542,4.871732011747564,4.572339111349789,2.321928094887362,1,-0.0945810055739953,upset,-0.874179482
-0.5775389165885948,0.6057284003932135,0.5815898466170613,-0.32646280153796126,2.194924129136403,4.465881783184004,1.921928094887362,1,0.0152068428260321,tacit,-0.466938853
0.7507616101888555,-0.9107918215020772,-0.12482336429440495,0.4360284672265743,3.136932182158717,4.2357381764456274,2.321928094887362,1,-0.0400717895142758,havoc,-0.3816728
-1.0203057588477449,2.339099968937757,0.6448554983285901,0.04042156179357154,2.810348082022347,4.4548666033178,1.921928094887362,2,0.0616204320616934,taunt,0.072967649
-0.13477207432944474,0.16101997755545805,-0.7000202860893027,-0.4897300242584846,3.221253067858753,4.635047676973334,2.321928094887362,1,0.0436435289417778,primo,-0.565853596
-0.7989223377181699,0.3675056174046572,-0.7977210776998318,-0.28514727359238373,3.611980428255514,4.415615201993415,1.921928094887362,1,-0.0462954916103588,donor,-0.741172731
-0.35615549545901976,0.9426433474029252,-0.38939839578652896,-1.2061434865504002,5.343411101,4.83695394314813,2.321928094887362,1,-0.141760985859424,story,-0.744876266
-0.13477207432944474,-2.299710942647776,-0.5284269073823038,-0.5148389227532449,2.291834142,3.971157626327547,2.321928094887362,1,0.0083996913453169,fungi,-0.525462627
0.5293781890592804,0.2642593034750601,1.3601315403151153,-0.5406689719430298,4.597615293399442,5.088037863242126,2.321928094887362,1,-0.0575839350493082,shake,-0.066442311
-0.13477207432944474,0.7652607937371022,0.8819601955149956,-0.8124101222645342,2.653561978162053,4.558198382388313,2.321928094887362,1,0.0480370796609621,girth,-0.592187285
-0.5775389165885948,-0.36704943464318324,-0.9080623425231108,-1.150856054271289,4.396662545798115,5.0439135000682,2.321928094887362,1,-0.0711564722463959,robin,-0.856032431
0.08661134680013033,-0.8296460922506163,-0.41049697212239883,0.16399269985195772,4.199245502919046,4.128402962533404,2.321928094887362,1,-0.0068075573958297,clown,-0.940476954
0.5293781890592804,-0.5687293300007921,-0.9027553733080289,0.8650513569292634,4.461508576203267,4.330329768071137,2.321928094887362,1,-0.0899816609679746,exist,-0.741874337
-0.5775389165885948,-0.6138157050617954,-0.2740730022265568,-0.13097044658393264,3.016110011745249,4.907758801741991,2.321928094887362,1,0.0662595938223592,smelt,-0.497308671
0.7507616101888555,-1.1731878362319295,0.4787529159084573,0.03231233100084211,2.437962177822698,4.394500267584293,2.321928094887362,1,0.0680699646602094,chafe,-0.81804359
1.1935284524480057,-1.2608635905097336,0.4221504039842407,-0.33317029313867413,4.114655787447564,3.678567201086851,2.321928094887362,1,0.0684129817793689,howdy,-0.146605492
-0.13477207432944474,0.5270873682873335,-0.774989751198133,-0.39826735724501966,2.672045383856066,4.9995295969669815,2.321928094887362,2,0.028554478295216,hoard,-0.975618601
0.7507616101888555,-0.2632911308624954,-0.48953706732117475,0.36163951950678913,2.333226827302685,4.315799957886043,2.321928094887362,1,0.0421718701902131,thyme,-0.844860315
0.5293781890592804,1.111769773934416,0.6956648484531449,-1.2385220028043609,3.803717503123334,4.58810977736372,2.321928094887362,2,0.0010570415009133,peach,-1.343419194
-0.13477207432944474,1.2611340645043199,0.47577607862426163,0.06855115726564702,2.738992173486679,5.037433621317484,2.321928094887362,1,0.0601219943802885,mince,-0.724503577
-0.13477207432944474,-0.7131609578856226,-1.1659131509859997,-1.226867446463438,2.614053436878379,4.375556571475299,2.321928094887362,1,0.0217667182204834,shrug,-0.639760256
-0.7989223377181699,0.49219195293676943,1.060348162037505,0.89499954692964,2.706807490115278,4.083701564360664,1.921928094887362,1,0.0816974741510678,droll,-0.248691559
-0.13477207432944474,1.6619863000850497,-0.8365601007405024,0.6251703961327266,5.296842962816827,4.553561038063912,1.921928094887362,2,-0.1508324146813653,ahead,-0.559554636
-0.35615549545901976,2.7105063019215794,-0.7016107516071419,0.053254041220525454,6.637707562972593,4.480810376329481,1.921928094887362,1,-0.2052344765435133,there,-1.297270417
-0.5775389165885948,2.1315704513671743,-0.03926778843735541,-0.07487970902634401,1.893894133472422,4.924198884981134,2.321928094887362,2,0.0461317327435338,pleat,-0.896189153
0.08661134680013033,1.558190217537258,1.319097155009882,0.07392346959154479,4.818431851247912,4.297506117263395,1.921928094887362,1,-0.1191739471906985,carry,-0.522202671
0.30799476792970537,-0.391292949967603,-0.8091626609700344,-0.9043000374607651,2.653561978162053,4.227321299967702,2.321928094887362,1,0.0309521265346788,crimp,-0.850408435
0.08661134680013033,-0.7068587362661428,3.5096656399031296,1.1351053244240041,3.644016660255823,4.14892869033999,1.921928094887362,1,0.0345835213646614,dandy,0.3081164360046387
-0.35615549545901976,-0.7661677272177527,-0.7079763604099165,-0.7243070009940829,4.110060035758416,4.568073079827502,2.321928094887362,1,-0.018108208164667,rusty,-1.163486242
-0.5775389165885948,0.4256468734876316,-0.6339769353821074,-1.0603708364473874,2.634256822966666,5.086329420341659,2.321928094887362,2,0.0694625694154614,spiel,-0.954673767
1.6392737995141038,-1.22540795179349,1.966059764783357,1.2071709083602806,5.172704874676883,4.487967183139287,2.321928094887362,1,-0.142318848729094,power,-0.461603582
-1.0203057588477449,2.482120679864657,-0.5154115620056189,-0.40575935882187786,3.511942230184515,5.592394424113624,2.321928094887362,1,-0.0305352271101184,slate,-1.291637778
-0.5775389165885948,1.0327654820090382,-0.6819384840713586,0.8304868409627384,5.083103623054729,5.212748934059592,2.321928094887362,2,-0.0939367971747007,clean,-1.426590085
-1.0203057588477449,0.3993439933995927,-0.9793070357667523,-0.9987954798351742,3.269557747433308,4.627546074992297,1.921928094887362,1,0.0158127950416728,torso,-0.948647141
-0.35615549545901976,1.3582576867222993,0.5144708215045881,-0.7073333310112255,3.040022169150661,4.663402190711625,2.321928094887362,1,-0.0061358618426882,bland,-1.050200105
-0.35615549545901976,-0.5492432960081283,0.1064564730446377,-1.033066861045355,3.402423852443709,4.3362114368577656,2.321928094887362,1,0.0103832972990003,cling,-0.500219524
2.303424062902829,-0.010977130851617046,1.960708772424022,1.2320875821824848,1.893894133472422,3.5899949653154835,1.921928094887362,1,0.1028240428996277,coyly,0.7846522331237793
-0.13477207432944474,-1.538799194394956,-0.5745686341144204,0.9016377166733798,3.642082160478623,4.864120966038396,2.321928094887362,1,-0.0368438021281467,scrap,-0.927355289
-0.35615549545901976,-0.5553943684243313,0.07815215151993374,0.5336393578456922,4.725923780562351,5.1095061443777,2.321928094887362,1,-0.0754498641012184,waste,-0.393460333
0.30799476792970537,-0.6506202206462999,0.6803451441480168,1.0428206068381731,2.999404318242396,4.131722776363337,1.921928094887362,1,0.0537574821579968,comma,-0.187644422
-1.0203057588477449,-0.20104192749841596,-0.8693309057764905,-0.04132383799510668,3.482165840314751,4.986527335591063,2.321928094887362,1,-0.0410685522912142,unite,-1.070572972
0.08661134680013033,-0.1545058147151912,0.8954530312648259,0.21994746261831777,2.999404318242396,3.712914299437109,1.921928094887362,1,0.0217851376789271,soggy,-0.444694996
1.8606572206436789,-0.9192200335427507,0.6221734839117964,1.1065924162243206,3.236316814294629,3.3757929703213443,1.921928094887362,1,-0.0018230204912798,lowly,0.1912604570388794
1.1965069572549538,-0.3813369582950552,1.9433366175092224,-0.0017159237073223566,3.200319161,4.439282866420176,1.921928094887362,1,0.0077934347134406,sever,0.041209817
-0.13477207432944474,1.216407912605254,-0.1544194172854178,1.599948723171332,3.757216993592878,3.4910169874038637,1.921928094887362,2,-0.0837338643820656,flood,-0.581325114
0.7507616101888555,-1.3301160197519837,-0.7068674624701301,-0.06806806690376584,4.891062004918256,4.265523843045515,2.321928094887362,2,-0.1435449895548292,chief,-1.025090814
0.08661134680013033,0.03803111653969229,0.613471193842211,0.5928678788524405,4.500812659420713,4.677098400852035,2.321928094887362,1,-0.0483684388944165,brave,-0.293321371
-0.7989223377181699,-0.7688296369414052,-0.2534100307327087,-1.0030071320721623,3.846928590722779,4.685737029152275,2.321928094887362,1,-0.0338451842953122,sting,-0.933942854
-0.5775389165885948,1.7883546632580325,-0.5833384622777147,-0.7369154814875571,4.068535326132871,4.677104957718514,2.321928094887362,2,-0.071318929668204,mount,-0.965108752
0.30799476792970537,0.3013079569019859,-0.36254380085115245,-0.3346308081092417,3.917146593106134,4.283240922443279,2.321928094887362,1,-0.0787627547355032,depth,-0.875517845
-0.7989223377181699,1.396624307994034,0.08940809431034905,-0.07470342149268719,2.672045383856066,4.673836155627012,2.321928094887362,2,0.0697738699828118,gruel,-0.543571591
2.0820406417732538,-1.414674327943016,1.4059763965896246,1.3694908410363453,3.178324867316942,4.515405601009395,2.321928094887362,1,0.063040366608552,woken,0.018868804
-0.13477207432944474,0.8627416788500023,1.2516522322661907,0.1799119178731193,2.547106647247766,4.721963410465483,2.321928094887362,1,0.0695012089550718,tangy,-0.372376025
-0.7989223377181699,0.9468202484600383,0.05123338882424593,1.4846237412803052,1.768955396864122,5.0759886712671705,2.321928094887362,2,0.0570704199820383,glean,-0.738963604
0.08661134680013033,1.8246719857232658,-1.03302384840076,0.1793009834993038,3.785988736162903,4.3561427255291445,2.321928094887362,1,-0.0319166763528839,cloth,-1.014307737
-0.35615549545901976,-0.5732019640196846,0.40086171092456513,-0.28305540362340725,3.626287893295391,4.0379164871590625,1.921928094887362,1,-0.0075636263855395,condo,-0.326173782
1.6392737995141038,1.5123880708913808,0.6863295335042091,-0.09872499694933062,3.607804487601378,4.9466707272530295,2.321928094887362,1,0.0036664709149235,manly,-0.406941414
-1.0203057588477449,-0.1728681553927031,-0.8325497862736243,-0.9818609327621916,3.055262135707397,4.9688182776003496,2.321928094887362,1,-0.0371389999069941,ultra,-0.746085167
-0.5775389165885948,0.13018350517179653,0.006862086559246746,0.0026881924513813805,3.928322038497825,4.020202436508772,1.921928094887362,1,-0.0520946281794201,spill,-0.706618726
0.08661134680013033,1.0226439016979956,0.20002495751195506,0.18626291222974967,4.149166638575728,4.8090577535272985,2.321928094887362,1,-0.0729087733373811,frame,-0.582639515
-1.0203057588477449,2.6459963267469204,-0.8411021283039807,-1.5042588744841947,4.253255236210908,5.7126363088144405,2.321928094887362,2,-0.0777894333206446,saint,-1.223962307
-0.13477207432944474,-0.42445885268908806,0.3438400713292473,-0.07138376320884375,2.467925401200141,3.9218645859516905,1.921928094887362,1,0.0191666983070615,delve,-0.251678228
-0.5775389165885948,-0.2513348979987926,-1.3465480611949072,-0.47873530673036996,3.476525572962059,4.1604674474803485,2.321928094887362,1,-0.049540570173891,input,-0.859420717
0.5293781890592804,-0.9665290331359809,0.12406037466651389,-0.7767634780798247,3.313023441214398,2.642939104620918,1.521928094887362,1,-0.0275627088326056,vivid,-0.060111165
-0.13477207432944474,-0.853566295389771,-0.82674352378481,-0.11461534888144305,4.010335831011734,4.290585246150569,2.321928094887362,1,-0.0998584340356589,album,-0.735650122
0.08661134680013033,-2.9235720835642462,-0.15014354401670577,0.6025866283739986,3.130683232881715,4.469953415896703,2.321928094887362,2,0.0081508586942723,bayou,-0.483888149
-0.5775389165885948,1.4189356931513277,2.6287431750565373,0.21132510312314337,2.136932182158717,5.135350638821147,2.321928094887362,1,0.0983350263457152,trice,-0.145326436
-0.13477207432944474,-2.1455078269655043,-0.4979304651809528,0.13144104348536872,5.936951708951002,4.334274837437508,2.321928094887362,1,-0.1620934965034896,night,-0.541552782
-0.7989223377181699,1.0851343321326261,0.9335496671250884,-0.7839048519713967,3.016110011745249,5.189672268315718,2.321928094887362,1,0.0482282401514917,grate,-1.007604241
-1.0203057588477449,0.2824626082296523,-0.550452642061689,0.9583345658530564,3.255621969490015,5.1615685066762795,1.921928094887362,2,0.0525543961374755,tiara,-1.038078785
1.6392737995141038,0.3910687743136483,-0.7386914827750215,-0.03734415486435224,2.614053436878379,4.360828518122743,2.321928094887362,1,0.0240132712858567,aptly,-0.730662882
-0.13477207432944474,0.9905218089314319,0.5117652941526041,0.442530133672333,3.511942230184515,5.039322294313064,2.321928094887362,1,-0.0368313425368839,maple,-0.824503005
-0.7989223377181699,-0.8153983804246403,-0.8586179971458594,-0.41966599629425894,2.768955396864123,3.842044042380467,1.921928094887362,2,0.0104076717620162,undue,-0.437833965
-0.7989223377181699,1.2938295606017092,0.6089664857082365,0.12679794183768944,4.115308371314761,4.405539158007055,1.921928094887362,2,-0.0207574656440986,goose,-0.030358136
0.5293781890592804,-2.329638822337514,-0.7232348538781653,-0.25501526137529607,3.047708997816951,3.6847893068548903,1.921928094887362,1,0.0666457222421816,cynic,-0.705981851
-0.7989223377181699,-2.0658919554090174,-0.689524886514938,-0.04522933350854793,3.888431238,5.295998634503953,2.321928094887362,1,0.0475932629236484,adore,-1.258730292
-0.35615549545901976,0.6000724186626522,0.17904391784396298,-0.4268660529473313,3.210912234520534,4.444263106516033,2.321928094887362,1,-0.0117506741106093,purge,-0.570701122
-0.7989223377181699,-0.5615903793562103,0.014138645694027221,-1.1794004974827386,2.522283063522734,4.443992336465895,2.321928094887362,1,0.0334858278089152,slung,-0.354429007
-0.35615549545901976,-0.5087713049106706,-0.717396566448565,1.6394425623826365,4.365918831172704,5.030214794601075,2.321928094887362,1,-0.1092560051077512,royal,-0.739122868
0.30799476792970537,-2.1466585319941833,-0.4747558817512412,-1.2531308494373288,1.990804146480479,4.38266428659264,2.321928094887362,1,0.0835377297810084,aphid,-0.695949614
0.08661134680013033,2.3185978403603515,0.25165600408922006,-0.7822230499986739,3.360020003890622,4.683296997300892,2.321928094887362,1,-0.0019809747874455,chant,-1.051424503
1.4149118735775805,-2.762518372955683,0.4583398980818782,-1.1354343170712689,2.925302597724047,3.885130149880795,1.921928094887362,1,0.0273101103985832,khaki,-0.260165095
1.6362952947071556,-2.92963257299095,1.1883439078528817,2.020320729762448,3.738992173486679,3.982759226692288,2.321928094887362,1,0.0090836212983014,waltz,-0.097378612
0.08661134680013033,-0.6434757401040924,-0.621158545603834,-0.11598158787631745,4.795897024823152,4.382599874328221,2.321928094887362,1,-0.1323611189815725,twice,-0.870492339
-0.13477207432944474,-1.1713054687316728,-0.5414189819512246,0.23818737229366424,3.484958740498922,4.181345330223725,1.921928094887362,2,-0.0082075198299211,needy,-0.586509645
-1.0203057588477449,0.004183274080207034,0.6857496552747443,0.2752168141359552,3.189461233434901,5.151551100241539,1.921928094887362,2,0.0413127601842674,aorta,-0.715320826
-0.13477207432944474,0.9128908518928763,-1.0301257209707826,-0.49739411214107665,4.227341407969172,5.232848249093622,2.321928094887362,2,-0.0106465011340011,sneak,-0.870632052
0.30799476792970537,1.6546568596102555,-0.6862473219789541,0.07615814470039022,3.264961995744159,4.347700777391845,2.321928094887362,1,-0.0181999645027797,chord,-1.210047841
-0.5775389165885948,0.11050963913582852,0.31047438228797053,0.054816945365038006,3.708474649482741,3.4411743059233215,1.521928094887362,1,-0.0187143835289981,motto,-0.249040842
0.9721450313184304,-1.03930357934283,-0.5375047854330128,-0.4927389423162112,2.194924129136403,4.270365551376131,2.321928094887362,2,0.0418409678795795,axiom,-0.45626986
-0.35615549545901976,-0.7640902930850842,-0.5617024366096175,1.2250887241731792,2.871617739,4.504629717658555,2.321928094887362,1,-0.0001624985316627,aloft,-0.585460126
0.08661134680013033,-2.032096916284677,-0.17862885281359706,-0.4885371646253954,4.467925401200141,4.244298366808394,2.321928094887362,1,-0.1411078768069761,focus,-0.679011405
-1.0203057588477449,-1.2716232402763148,-0.9884491415213225,0.6528924495057683,3.579635872074686,4.782829325209662,1.921928094887362,1,-0.0685537300167543,asset,-0.858147144
-0.35615549545901976,1.5014909145610877,-0.1552745939382332,0.07744756695723842,2.136932182158717,4.1849872677772,1.921928094887362,1,0.1174565677906859,slosh,-0.444993675
-0.35615549545901976,1.096892909916124,-1.308781613245705,-0.7904906305890794,3.708474649482741,4.8772333288789955,2.321928094887362,1,-0.0100952888356438,thorn,-1.378560901
-0.13477207432944474,0.1534922561498355,-0.2781151881947459,0.7237406051714923,4.183371599817025,4.717464431657894,2.321928094887362,1,-0.0192299719076813,badge,-0.527463257
0.30799476792970537,1.5405434796916548,0.3974947568257341,-0.383445200782486,2.333226827302685,4.232286358035443,2.321928094887362,1,0.0680039568546126,froth,-0.653882205
-1.0203057588477449,1.275640414954125,-0.4827145238849964,-0.28166569280657633,2.738992173486679,4.308316816512197,1.921928094887362,1,0.0045041176199297,atoll,-0.835789084
0.7537401149958036,-0.19148484884252517,-0.03213802655828705,1.0399374067508527,3.848136642911747,4.393286105445947,1.921928094887362,1,-0.0656099089477522,elder,-0.065022469
0.7507616101888555,-1.6931452078442402,-0.5698917781997144,0.5538651756117844,3.084225831642714,4.2638111740076425,2.321928094887362,1,0.0034896738202753,oxide,-0.075646222
-1.0203057588477449,-0.11415390270399756,-0.552468855482084,-0.6511269462699509,3.666582488154564,5.649126489685339,2.321928094887362,1,-0.0489602452495471,solar,-1.011397004
-0.13477207432944474,-3.2350331464693673,-0.28954370871763474,0.986291267461488,3.899289165359129,4.038885811532867,1.921928094887362,1,-0.0461819094904584,skill,-0.362812996
1.8606572206436789,-1.0038272111416204,1.6930620821699136,1.2591859184636678,3.476525572962059,3.66764244960826,1.921928094887362,1,-0.0991361705094027,fewer,0.1088836789131165
0.08661134680013033,2.2525662153576147,-0.40930302293690046,-0.2085527130933492,2.768955396864123,4.573144973331192,2.321928094887362,2,0.0397635103647106,piety,-0.757269919
-0.35615549545901976,-0.09958919867800159,-1.023840315510211,-0.6818498545109117,2.614053436878379,3.927087837214956,1.921928094887362,0,0.0616385332752907,tryst,-0.74314785
0.9721450313184304,-0.21544756204867924,-1.2465060882671293,-1.2057421430697568,2.069985392528103,3.429987918507527,2.321928094887362,0,0.0617609551526949,glyph,-0.746022105
0.7507616101888555,-0.8068431031361541,1.6278348325974716,-0.46753972282469297,3.395637863100417,3.696841340887173,2.321928094887362,2,0.0724871985144159,vouch,0.1239414215087891
0.30799476792970537,-1.2797465604375178,-0.35466644527350416,0.4637921263980972,4.801708427,3.673486007581719,2.321928094887362,1,-0.0400494306980547,awful,-0.545572102
0.9721450313184304,0.9759256138913414,-1.1715420367592986,-0.9920107892217862,3.618170003073211,3.876681539778197,2.321928094887362,1,-0.0165670500271315,chunk,-0.89304781
0.08661134680013033,2.7099849443780375,-0.8259873732709275,-0.4696785896526339,3.559005870547474,4.444989953183092,2.321928094887362,1,0.0181426776736264,chute,-1.30372858
-0.5775389165885948,-0.024853249245694802,0.7092755675829774,-0.7295762096051787,4.563675748680959,4.090275251659389,1.921928094887362,1,-0.06981135345631,spell,-0.692272663
-0.5775389165885948,-0.20320355253572975,-0.06361570180724176,0.3540805859445191,2.723197906303447,5.277828249827812,2.321928094887362,1,0.0326000331329866,molar,-0.631225586
-0.35615549545901976,-0.7498995974063978,0.6561750466370433,0.8040471004467482,3.713438069014291,4.971533946405876,2.321928094887362,1,0.0345332768359063,valet,-0.6564942
-0.5775389165885948,-1.2869257053305647,0.23889821843987602,0.7014252572995442,2.246076651583785,4.228180648113685,1.921928094887362,2,0.0263489062127298,ionic,0.2348832488059998
-0.35615549545901976,-0.606965484624034,-0.21334882389099663,0.31456914126344404,3.069985392528104,3.652456731635213,1.921928094887362,2,-0.0158398757954691,gloom,-0.330172002
1.1935284524480057,-0.8409570158998584,1.7725998339239168,0.1163145846642639,5.522129756061506,3.5732891020561772,1.921928094887362,1,-0.1194039866048039,happy,-0.89027667
-1.0203057588477449,0.8365666981115284,-1.2901239748483748,-1.7520003092618073,3.136932182158717,5.52418610859043,2.321928094887362,2,0.0409160568450703,stair,-1.461721539
-0.35615549545901976,-0.17567622589306708,-0.30966966328838863,0.46699632353235826,5.748154617518834,4.375592808585998,1.921928094887362,2,-0.1542933827334676,leave,-0.452668726
-0.35615549545901976,1.1519391421383793,-0.14544004085771897,-0.24362578446619174,3.581868753506978,5.369662781659405,2.321928094887362,2,-0.0344486038317755,rainy,-1.373702884
-0.5775389165885948,-1.0939653974783086,0.14445800318564583,-0.6378913120059926,4.525591505,5.461234923277069,2.321928094887362,1,-0.0446649059956959,scare,-0.697303176
-0.13477207432944474,0.1414856269372038,0.33888248579128294,0.4386832279033376,2.495954124800384,3.63069218063882,1.921928094887362,1,0.012024203061754,forgo,0.025456309
0.9751235361253786,0.5134144853152139,0.39234316690826265,-0.1794800185982948,2.291834142,5.297183791170243,2.321928094887362,1,0.0230342441042663,taper,-0.746213496
0.30799476792970537,0.5775638282304618,2.9583559334641967,-1.3562831374991555,2.495954124800384,3.8872832150394863,2.321928094887362,2,0.0863647075639787,bough,-0.375775456
-0.35615549545901976,1.927680251655905,0.6934810134136533,0.3778370319609019,5.266898138239696,4.36970692529958,1.921928094887362,1,-0.0579012220799879,shall,-0.270037949
1.6362952947071556,-0.5213185410581603,1.0527469607298257,0.2791958757429047,3.509318086358366,3.827423911878432,2.321928094887362,1,0.0262517353293947,wacky,-0.49429667
0.5293781890592804,-2.629392296391645,-0.24957883494712155,1.3998965711836395,3.504021746548418,3.955469504335253,1.921928094887362,1,-0.0362296444215765,abbey,-0.17468214
-0.13477207432944474,-1.1711182479154307,0.8012015447907683,-0.5996042619697687,2.246076651583785,4.142056898194317,2.321928094887362,1,0.04304693472242,twang,-0.659106135
-0.35615549545901976,0.20834847754261634,0.7198775723294756,0.6096004197237442,2.547106647247766,4.733979103745271,2.321928094887362,1,0.0152364342117501,trove,-0.087397277
0.7507616101888555,0.7633845429407571,0.29178707411416493,-0.5599268295844698,4.149769406863889,4.12453989390657,2.321928094887362,1,0.0600555812172872,prick,-0.95326066
-0.35615549545901976,1.5439556128981673,-1.0437222781963023,-1.5377231916775076,4.351397560045728,5.094132133391969,2.321928094887362,1,-0.0465537844117643,trash,-1.376978397
-0.35615549545901976,-0.38231405999051604,-0.020298841205150873,-0.05127384208203885,4.755279173914888,4.758789651205317,2.321928094887362,1,-0.1324607270042637,begin,-0.797736704
-0.35615549545901976,0.3140732206116975,-0.6226131930880187,-0.32095027018430183,4.063421623025715,5.059272080543192,2.321928094887362,1,-0.0760101115564586,medal,-0.752384126
-0.7989223377181699,0.5216099188485912,0.6286854183086851,0.24618991646086283,3.032196831638704,5.211104987139006,2.321928094887362,2,0.0193709984559352,stead,-0.461416304
0.30799476792970537,0.6904375528084499,-0.17473911304240036,0.6922861963976349,3.399044111792328,4.5205700385977865,2.321928094887362,1,-0.0347722642808339,brink,-0.696222782
-0.5775389165885948,0.7883220047664974,2.9856207189234114,1.5114604778169056,3.124343054850696,4.307240668028812,1.921928094887362,1,-0.0198673803532191,gorge,-0.1457901
0.30799476792970537,-0.3841556756905877,0.3943247156449503,0.8792201226529797,2.860035866211455,4.677895699004403,2.321928094887362,2,0.0936026616831481,beady,-0.531086683
1.1965069572549538,-0.9198922253640917,0.6640677399131535,0.28593833903400484,4.155157002264916,4.7987688746523425,2.321928094887362,1,-0.029901241539317,liver,-0.065516829
-0.7989223377181699,0.1755723801963092,-0.6361682441497241,0.6449036488464573,3.269557747433308,4.708652732840808,2.321928094887362,2,-0.0098977140355365,aloud,-1.283839822
-1.0203057588477449,0.4575234837244976,0.13879474952536097,0.49695424184680287,2.653561978162053,4.784659441119497,1.921928094887362,1,0.0901187540113361,inane,-0.674955428
-0.35615549545901976,0.6183582123658219,-1.3169916554730017,-1.0605278001719587,3.53734681,4.645111399978604,2.321928094887362,1,-0.0671854974305807,midst,-0.680424511
-0.35615549545901976,-0.0585976213068086,0.5575808902030719,0.6467077751195714,3.954591973826034,4.957668485350435,2.321928094887362,1,-0.072548078717901,cargo,-0.535062313
1.1935284524480057,-1.6866553129163402,-0.13545450393251457,0.833855257453468,4.810348082022347,3.4646876065882095,1.921928094887362,1,-0.0481335505621067,knock,-0.575064421
0.30799476792970537,1.3921597271427535,0.8881128126485672,-0.0516586236933619,2.437962177822698,4.520804462432443,2.321928094887362,2,0.0481341884886371,caulk,-0.443944216
-0.13477207432944474,0.14374647434307075,-0.34638955173730085,-0.4143712652556873,3.308867481,4.57557525333244,2.321928094887362,1,0.0849130710213481,midge,-0.457179904
-0.35615549545901976,0.33437753243544155,-1.007690830093502,0.2913465768403055,3.470811089437629,4.599651572245413,2.321928094887362,1,-0.0690903302435667,depot,-0.861694515
-0.7989223377181699,1.3020427699156794,-0.27285581968844946,0.9008553073111949,3.200319161,4.791508441452327,2.321928094887362,2,0.0667935783996222,gloat,-0.62740463
-0.35615549545901976,-0.6925260349613249,-0.1884203267462855,0.26484853583746804,5.161417849857884,4.189894108454469,1.921928094887362,2,-0.0829190102338988,sweet,-0.471562564
0.08661134680013033,1.0358377204080604,0.5481658037172386,-0.22465203760144334,4.618374810661022,5.196040485627284,2.321928094887362,1,-0.0442910435554565,shame,-0.583667874
1.1965069572549538,-2.598538996856354,-1.0812959114361718,0.19376888635721012,5.865934891430907,4.873723658915731,2.321928094887362,1,-0.2082745876261366,other,-0.810809195
0.30799476792970537,-2.216516045797524,-0.3952882181334005,-0.4322733799722277,4.225827305975702,4.194761372483904,2.321928094887362,2,-0.1070221302514896,youth,-0.390496254
-0.5775389165885948,1.5232678900561087,-0.8405264675147592,-0.06079406188253898,3.53238339,5.28504975680134,2.321928094887362,1,-0.052142925440095,merit,-1.062983871
0.9721450313184304,-1.7163719267948099,0.36299998751061596,-0.6210759418123712,3.32121792,4.177382991989884,2.321928094887362,2,0.0430291367195251,quart,-0.522577465
-0.13477207432944474,1.4534597305685095,-0.951116510723925,0.1722351832981462,4.332040769719171,4.352236511541433,2.321928094887362,1,-0.0559714928607929,glory,-0.979578972
0.08661134680013033,1.4216511885997307,-0.035059503411179964,0.17133984889004084,3.547106647247766,5.179713568426015,2.321928094887362,1,-0.0490938234111239,marsh,-0.978369951
-0.13477207432944474,-0.6806192188989467,-0.411618405727273,-0.7365366592454693,2.467925401200141,3.8101246634914863,2.321928094887362,1,0.061558094065809,wrung,-0.446968913
-0.13477207432944474,-0.20286700130923374,-0.3332132030156849,-0.7076751309574065,3.062686153786604,4.498580950648129,2.321928094887362,1,0.0125830913311001,crept,-0.778289557
1.4149118735775805,-1.565875917543449,1.6216191575925665,0.9791234603610375,4.349880372539742,4.383322036940617,2.321928094887362,1,-0.0795641266381779,prize,-0.035007358
-0.13477207432944474,-0.431719371156409,-1.1054990666907276,-1.0982984278526025,3.084225831642714,4.154113919033536,2.321928094887362,1,-0.0595777038035973,slump,-0.669138372
-0.35615549545901976,-0.4319074930191365,-0.39867816165883324,-0.6365929157779304,3.810348082022347,5.174341811633918,2.321928094887362,2,-0.0187589498816512,naive,-0.744110107
-0.5775389165885948,-0.6988511700799848,0.7519123869890237,-1.0749226154346725,2.768955396864123,5.231080097575941,2.321928094887362,1,0.1190673221075055,smite,-0.645711124
-0.13477207432944474,0.07804344419533227,0.8121640533599693,0.9925880625423091,3.588499332405991,4.4068685566220305,2.321928094887362,1,-0.0585732302587059,grove,-0.358703613
-0.35615549545901976,-1.6498587460781002,-1.0198283734335785,-0.38860004505950785,4.797797660162586,4.200169791877688,2.321928094887362,2,-0.1206336957936517,doubt,-1.201241016
-1.0203057588477449,-0.0014093277083912596,0.4129134245784625,-0.9541939292314758,2.935286818630647,4.861555828857011,2.321928094887362,2,0.0255742230676629,snout,-0.284384012
0.30799476792970537,-0.0026257383741873446,0.7878071077504296,0.12601906217117964,4.849341344050118,4.36870312460636,2.321928094887362,1,-0.1060060932408581,favor,-0.216411352
-0.13477207432944474,0.5680186726316677,0.782109273482436,-0.19644848355477093,4.055262135707397,5.181244371521612,2.321928094887362,1,-0.0574364008417323,alike,-0.557420254
